world_rank,university_name,country,teaching,international,research,citations,income,total_score,num_students,student_staff_ratio,international_students,year
=119,Aldermoor Institute of Technology,Canada,62.9,61.7,51.3,55.9,60.3,57.2,"38,363",19.8,29%,2016
122,Ashford Institute of Technology,Japan,59.6,48.5,62.0,51.7,45.0,56.8,"8,133",8.2,18%,2016
251-300,Caldera Institute of Technology,Australia,25.6,33.8,27.7,27.7,39.7,27.8,"25,769",26.3,42%,2016
38,Central Aldermoor University,Canada,71.6,67.0,70.2,71.3,58.8,70.4,"51,034",10.2,35%,2016
154,Central Ashford University,Germany,42.9,46.8,61.0,52.5,58.5,51.9,"47,294",24.4,21%,2016
199,Central Caldera University,Australia,53.1,53.1,53.2,31.3,46.2,46.4,"39,338",14.7,34%,2016
201-250,Central Clearwater University,Japan,44.9,35.2,44.7,46.6,33.3,44.3,"53,904",24.8,44%,2016
=189,Central Deepwell University,United States,30.8,52.7,67.4,45.7,38.4,48.1,"48,549",11.0,22%,2016
=128,Central Dunmore University,Japan,45.0,67.9,59.6,61.3,55.4,56.2,"41,111",10.5,30%,2016
=186,Central Elmstead University,France,59.9,45.9,44.7,41.8,41.1,48.4,"51,306",17.9,42%,2016
68,Central Fairhaven University,Australia,69.0,68.1,62.3,63.8,63.2,65.2,"10,022",6.8,13%,2016
153,Central Glenrock University,Australia,51.4,65.6,61.6,39.5,51.7,52.0,"50,577",11.4,40%,2016
50,Central Greystone University,United Kingdom,57.2,74.9,69.0,78.8,56.5,68.5,"20,337",23.4,6%,2016
201-250,Central Highgate University,Australia,49.0,41.0,42.4,37.3,47.7,42.9,"43,872",26.1,30%,2016
201-250,Central Hollowmere University,United Kingdom,41.6,26.4,49.4,33.7,18.7,39.8,"54,974",7.9,36%,2016
=26,Central Ironbridge University,Canada,81.9,66.7,73.5,70.0,63.9,74.2,"31,244",27.2,28%,2016
=164,Central Juniper University,Canada,52.9,55.1,41.9,55.9,43.7,50.4,"8,181",25.1,23%,2016
36,Central Lakeside University,Germany,68.1,62.1,79.5,69.1,65.3,71.3,"23,742",26.9,29%,2016
109,Central Marlow University,United States,56.4,65.4,59.6,57.5,77.3,58.9,"25,975",22.8,9%,2016
=158,Central Northfield University,Kazakhstan,54.1,46.0,52.7,48.7,53.2,51.4,"55,336",22.2,11%,2016
=79,Central Oakridge University,Germany,57.0,58.7,65.2,68.3,-,63.1,"57,046",18.6,14%,2016
10,Central Queensbury University,United Kingdom,78.2,85.2,76.0,92.3,70.5,82.1,"36,040",21.7,28%,2016
6,Central Riverton University,United Kingdom,97.4,99.0,86.9,82.1,80.6,89.4,"57,720",28.1,21%,2016
69,Central Stonebrook University,Germany,72.0,48.3,71.8,55.1,57.0,64.7,"28,272",8.4,13%,2016
121,Central Thornbury University,United Kingdom,64.2,67.4,59.2,45.0,51.5,56.9,"26,006",13.6,40%,2016
42,Central Upton University,Japan,65.5,72.7,67.6,73.8,76.9,69.5,"49,898",7.7,18%,2016
251-300,Clearwater Institute of Technology,Germany,48.6,44.5,38.0,27.2,33.4,38.3,"40,200",28.7,21%,2016
84,Deepwell Institute of Technology,United States,63.8,60.3,56.0,69.6,57.4,62.8,"32,270",16.7,20%,2016
131,Dunmore Institute of Technology,United States,57.9,58.2,51.0,57.4,-,55.6,"28,808",22.2,10%,2016
=61,East Aldermoor University,Japan,69.7,60.0,53.7,79.1,-,66.7,"43,533",26.2,33%,2016
201-250,East Ashford University,United States,46.7,56.7,46.0,34.3,36.1,43.2,"45,442",29.8,21%,2016
251-300,East Bellmont University,Canada,37.9,28.2,15.8,28.9,27.6,27.6,"30,799",9.9,3%,2016
251-300,East Brightwater University,United States,28.1,32.4,31.7,40.1,22.5,33.0,"4,889",25.2,43%,2016
201-250,East Caldera University,United Kingdom,42.0,36.9,33.0,46.7,30.4,40.0,"8,658",27.3,37%,2016
201-250,East Clearwater University,United Kingdom,34.7,47.1,49.4,43.3,51.4,43.0,"11,086",7.2,33%,2016
=188,East Deepwell University,Germany,51.3,41.3,44.5,50.2,49.4,48.1,"28,792",24.1,39%,2016
8,East Dunmore University,Canada,78.9,85.0,93.7,80.9,83.7,84.5,"36,884",14.5,41%,2016
31,East Eastvale University,Germany,61.2,84.9,81.3,73.6,67.0,72.9,"48,390",21.6,17%,2016
201-250,East Elmstead University,United States,54.8,41.3,49.0,33.6,44.6,45.4,"15,931",18.3,28%,2016
94,East Fairhaven University,Australia,77.2,62.3,49.3,56.7,60.0,61.1,"48,166",12.2,28%,2016
=179,East Foxhill University,France,61.0,37.7,52.8,36.5,44.3,49.0,"41,619",9.2,13%,2016
143,East Glenrock University,Canada,54.4,51.2,53.9,55.2,-,54.2,"5,922",8.8,12%,2016
106,East Greystone University,France,73.4,45.3,42.9,63.8,70.5,59.2,"23,297",8.5,7%,2016
71,East Highgate University,Australia,65.2,58.2,67.8,62.1,56.0,64.3,"20,289",21.3,30%,2016
201-250,East Hollowmere University,United Kingdom,51.7,48.7,49.3,35.8,56.6,46.1,"52,564",14.4,36%,2016
33,East Ironbridge University,Australia,63.0,83.5,73.3,79.7,54.1,72.4,"55,463",11.2,35%,2016
201-250,East Juniper University,United States,39.9,61.9,38.5,43.2,38.6,42.1,"50,947",22.6,16%,2016
148,East Kingsport University,United Kingdom,54.8,50.2,55.0,48.6,68.5,53.0,"33,353",22.5,11%,2016
4,East Marlow University,Japan,82.4,99.6,100.0,91.0,97.1,91.9,"30,969",18.9,22%,2016
=103,East Northfield University,France,59.1,59.4,72.3,47.3,59.7,59.5,"20,163",28.4,26%,2016
=62,  East Pinecrest University ,Australia,75.6,74.4,52.9,69.1,73.9,66.7,"45,774",15.2,42%,2016
111,East Riverton University,United Kingdom,71.2,59.4,52.3,52.3,55.7,58.6,"7,774",26.1,40%,2016
53,East Stonebrook University,Canada,72.5,61.5,59.1,73.5,61.9,67.7,"18,879",7.8,41%,2016
=172,East Upton University,Germany,55.6,56.4,39.9,51.3,49.4,49.5,"10,481",23.8,39%,2016
=133,East Valemont University,Australia,54.3,51.0,52.9,59.5,51.4,55.1,"30,696",29.7,43%,2016
201-250,East Westbury University,Japan,42.8,31.2,52.6,40.0,44.8,44.1,"20,484",26.3,22%,2016
=100,East Yarrow University,Japan,62.0,50.1,54.0,66.9,55.3,60.0,"14,021",19.9,4%,2016
201-250,Eastvale Institute of Technology,Australia,34.9,47.2,45.9,40.9,33.4,40.9,"23,897",21.0,6%,2016
75,Elmstead Institute of Technology,Canada,61.1,63.0,57.5,73.8,52.2,63.7,"52,223",14.5,19%,2016
=64,Fairhaven Institute of Technology,Kazakhstan,64.9,65.7,65.6,68.0,75.0,66.4,"33,877",22.3,13%,2016
110,Glenrock Institute of Technology,United States,51.0,59.5,71.1,53.3,64.9,58.7,"49,321",24.5,9%,2016
=185,Greystone Institute of Technology,Germany,56.2,58.9,47.8,38.3,52.9,48.4,"55,134",30.0,43%,2016
=83,Highgate Institute of Technology,Canada,66.2,63.1,65.4,56.4,71.0,62.9,"53,691",17.8,10%,2016
201-250,Hollowmere Institute of Technology,Kazakhstan,36.7,48.4,37.2,41.5,49.5,39.5,"22,791",7.5,43%,2016
22,Ironbridge Institute of Technology,Germany,69.1,79.1,85.5,73.3,72.0,76.1,"54,556",20.3,35%,2016
251-300,Kingsport Institute of Technology,Japan,36.1,39.3,31.2,27.7,30.7,32.2,"53,680",8.9,30%,2016
=124,Lakeside Institute of Technology,Canada,57.3,55.6,46.1,67.7,48.0,56.7,"56,569",11.9,31%,2016
251-300,Marlow Institute of Technology,Japan,32.9,33.8,28.4,12.4,22.9,25.2,"22,387",13.9,16%,2016
251-300,National Aldermoor University,Australia,32.9,43.5,19.6,35.8,51.6,31.0,"16,287",23.5,30%,2016
24,National Ashford University,France,68.6,86.2,85.9,67.3,72.2,74.8,"35,846",10.4,10%,2016
=86,National Brightwater University,Germany,56.8,72.2,66.0,62.7,65.6,62.7,"55,586",10.0,42%,2016
201-250,National Clearwater University,France,45.8,48.3,43.2,46.4,44.9,45.4,"54,516",7.1,15%,2016
251-300,National Deepwell University,Japan,35.5,36.3,29.0,15.5,34.4,27.6,"36,258",27.0,13%,2016
251-300,National Dunmore University,Canada,20.5,3.1,6.3,13.5,5.6,12.5,"11,364",22.6,33%,2016
=125,  National Eastvale University ,Kazakhstan,55.2,52.0,54.0,62.2,54.4,56.7,"27,610",7.0,30%,2016
5,National Fairhaven University,Japan,91.4,82.8,94.8,88.8,91.4,91.0,"43,148",6.7,21%,2016
=104,National Glenrock University,Canada,50.0,55.5,66.8,63.5,51.0,59.5,"34,252",19.4,29%,2016
=170,National Highgate University,Japan,41.9,55.3,49.3,56.3,57.4,49.8,"23,284",12.8,9%,2016
=73,National Hollowmere University,Kazakhstan,63.2,66.4,66.4,60.8,68.6,63.8,"22,665",20.3,31%,2016
251-300,National Juniper University,Japan,31.3,46.1,28.1,26.0,-,29.6,"6,407",16.4,14%,2016
=177,National Kingsport University,France,48.5,48.3,67.2,30.9,62.0,49.2,"19,367",28.2,14%,2016
135,National Lakeside University,Canada,60.0,46.6,45.5,61.0,60.6,55.0,"40,022",12.9,9%,2016
=132,National Marlow University,Germany,47.5,51.4,65.7,53.2,54.5,55.1,"17,172",22.3,16%,2016
=63,National Northfield University,France,61.6,65.6,77.9,58.9,79.7,66.4,"58,461",7.3,16%,2016
97,National Oakridge University,France,63.1,63.0,55.5,61.6,57.5,60.2,"7,870",28.9,22%,2016
51,National Riverton University,Germany,62.0,73.4,79.8,61.0,-,68.0,"35,550",29.5,10%,2016
200,National Stonebrook University,Australia,47.5,43.9,52.7,39.7,39.7,46.3,"31,532",23.7,10%,2016
28,National Thornbury University,United Kingdom,69.7,71.8,77.0,76.4,72.3,74.1,"51,799",17.2,25%,2016
32,National Upton University,Japan,70.4,73.6,78.5,68.2,84.7,72.8,"54,875",11.3,8%,2016
201-250,National Valemont University,United Kingdom,37.3,44.5,42.4,48.3,39.6,42.8,"33,522",25.5,32%,2016
201-250,National Westbury University,Australia,54.7,43.2,40.4,31.7,34.6,42.1,"38,857",23.7,43%,2016
39,National Yarrow University,France,64.8,70.3,78.0,67.4,76.8,70.2,"41,564",11.3,20%,2016
=141,North Ashford University,Australia,34.7,51.2,63.4,66.3,54.2,54.5,"32,607",16.8,41%,2016
34,North Brightwater University,France,56.6,74.6,73.6,85.6,67.4,72.0,"13,895",17.1,6%,2016
201-250,North Caldera University,France,47.8,46.0,40.1,46.7,37.2,44.8,"27,673",25.8,4%,2016
17,North Clearwater University,Kazakhstan,75.9,93.4,84.0,70.1,81.6,78.1,"17,015",22.4,33%,2016
=116,North Deepwell University,United States,54.8,55.1,64.0,55.6,37.6,57.4,"29,852",21.4,35%,2016
81,North Dunmore University,Canada,68.9,57.0,62.9,59.0,58.7,63.0,"37,028",21.6,38%,2016
29,North Eastvale University,Japan,57.2,61.9,86.8,79.6,-,73.6,"14,652",12.5,4%,2016
=175,  North Elmstead University ,Kazakhstan,49.2,42.9,49.1,50.2,58.8,49.2,"17,246",14.9,35%,2016
201-250,North Fairhaven University,Kazakhstan,53.4,37.8,33.6,39.3,37.1,41.7,"48,419",7.1,18%,2016
201-250,North Foxhill University,Japan,37.9,43.3,40.7,48.0,-,42.6,"25,068",24.9,15%,2016
144,  North Glenrock University ,Japan,59.5,72.6,48.3,49.2,59.4,54.0,"14,646",16.4,9%,2016
251-300,North Greystone University,Germany,23.5,27.7,32.0,26.5,32.5,27.5,"44,125",16.5,45%,2016
70,North Highgate University,Germany,57.5,74.9,62.4,70.7,65.9,64.4,"44,847",11.9,5%,2016
201-250,North Hollowmere University,Germany,44.4,46.3,42.9,37.5,44.0,42.0,"49,623",11.0,38%,2016
49,North Ironbridge University,Japan,84.3,70.1,48.0,72.8,81.3,68.8,"45,644",20.1,29%,2016
251-300,North Kingsport University,Kazakhstan,34.2,18.8,8.0,12.7,12.0,18.1,"59,396",11.6,34%,2016
201-250,North Lakeside University,Japan,40.3,44.1,50.1,42.5,-,44.3,"34,805",7.5,33%,2016
251-300,North Marlow University,United Kingdom,42.9,44.5,25.3,25.5,39.8,32.5,"18,852",24.4,39%,2016
201-250,North Northfield University,United Kingdom,40.6,24.9,45.8,54.9,48.3,45.5,"53,634",15.0,10%,2016
95,North Oakridge University,Canada,71.5,39.4,49.4,64.7,74.3,60.5,"18,038",15.1,2%,2016
156,North Queensbury University,Japan,51.5,45.9,62.7,42.3,-,51.6,"19,345",16.4,28%,2016
150,North Riverton University,Canada,51.5,54.4,50.8,56.3,40.9,52.7,"50,407",25.6,17%,2016
149,North Stonebrook University,Australia,56.3,56.4,55.0,47.2,43.1,52.9,"53,189",13.7,7%,2016
41,North Thornbury University,France,83.0,62.7,76.2,53.0,59.6,69.9,"21,677",24.2,10%,2016
201-250,North Upton University,Australia,45.1,35.6,52.9,41.5,43.0,45.6,"45,379",28.5,16%,2016
=82,North Valemont University,Japan,59.8,74.2,64.9,60.8,67.9,62.9,"55,259",21.9,5%,2016
43,North Westbury University,United Kingdom,73.2,72.4,61.0,74.5,55.6,69.4,"47,608",16.4,4%,2016
=123,North Yarrow University,Germany,58.5,63.2,58.0,51.0,68.2,56.7,"3,296",23.9,41%,2016
=78,Northfield Institute of Technology,Japan,62.4,71.4,67.1,59.8,53.9,63.5,"40,405",17.0,15%,2016
107,Pacific Aldermoor University,Germany,65.7,60.9,56.5,53.5,70.6,59.1,"12,799",15.9,44%,2016
9,Pacific Ashford University,France,85.7,79.5,81.2,80.5,98.6,82.6,"50,020",18.6,43%,2016
92,Pacific Bellmont University,Australia,56.3,59.5,64.0,64.6,57.1,61.4,"6,641",13.6,8%,2016
168,Pacific Brightwater University,Kazakhstan,50.1,49.0,47.0,53.5,55.4,50.2,"60,506",8.5,33%,2016
=145,Pacific Clearwater University,Australia,45.7,44.4,62.8,56.4,42.0,53.8,"13,046",16.0,28%,2016
197,Pacific Deepwell University,Kazakhstan,40.7,55.3,42.2,57.6,22.5,46.8,"27,192",9.0,32%,2016
251-300,Pacific Dunmore University,Canada,20.3,19.0,49.7,29.2,31.1,32.0,"16,720",15.9,6%,2016
201-250,Pacific Eastvale University,Kazakhstan,45.7,31.7,45.6,42.2,-,43.3,"48,882",19.4,10%,2016
183,Pacific Fairhaven University,United Kingdom,43.8,44.6,60.7,42.8,45.0,48.6,"25,414",28.3,5%,2016
155,Pacific Foxhill University,Canada,47.1,54.0,53.4,52.1,74.0,51.7,"46,327",6.9,28%,2016
157,Pacific Glenrock University,Canada,53.7,51.7,47.8,52.5,57.4,51.5,"6,936",20.9,44%,2016
201-250,Pacific Greystone University,United Kingdom,45.2,33.5,48.3,35.4,47.8,42.3,"28,255",17.0,31%,2016
=59,Pacific Highgate University,France,64.3,59.9,76.4,61.7,67.8,66.9,"54,278",6.5,33%,2016
54,Pacific Hollowmere University,Australia,71.7,58.4,68.5,65.1,64.5,67.6,"54,830",12.0,44%,2016
201-250,Pacific Ironbridge University,Germany,41.7,72.2,42.4,42.3,61.0,44.9,"14,943",8.8,31%,2016
201-250,Pacific Juniper University,Canada,39.1,58.0,33.2,54.3,46.6,43.5,"25,225",11.2,4%,2016
137,Pacific Marlow University,Canada,57.6,57.9,49.6,55.3,70.1,54.8,"26,584",12.6,39%,2016
96,Pacific Northfield University,United States,58.2,55.0,44.4,79.9,57.5,60.3,"36,269",15.6,18%,2016
251-300,Pacific Pinecrest University,Canada,36.5,22.5,35.1,30.9,30.4,33.2,"32,805",18.7,2%,2016
152,Pacific Stonebrook University,France,44.8,37.6,63.3,53.4,42.6,52.3,"9,160",6.0,24%,2016
112,Pacific Thornbury University,Australia,66.3,56.8,62.1,47.6,-,58.2,"46,840",9.9,42%,2016
201-250,Pacific Upton University,Australia,40.0,34.6,26.2,55.8,39.5,40.2,"15,568",8.2,13%,2016
=140,Pacific Westbury University,Canada,40.8,56.8,55.7,66.7,58.5,54.7,"20,637",19.2,23%,2016
251-300,Pacific Yarrow University,United States,18.1,19.6,30.5,35.0,20.8,27.1,"50,445",13.9,9%,2016
16,Pinecrest Institute of Technology,Australia,77.5,69.9,92.7,67.6,-,78.5,"43,370",19.2,4%,2016
40,Queensbury Institute of Technology,United States,72.6,74.6,60.5,75.6,72.3,70.0,"24,967",11.3,5%,2016
198,Riverton Institute of Technology,Japan,50.3,53.7,49.9,38.7,33.3,46.5,"53,496",6.6,33%,2016
=56,Royal Ashford University,United States,56.9,64.5,74.6,72.6,53.3,67.4,"25,618",28.6,39%,2016
251-300,Royal Bellmont University,United States,17.6,9.2,22.7,25.3,25.0,21.0,"34,902",8.6,8%,2016
201-250,Royal Brightwater University,Germany,45.6,44.4,43.5,38.8,40.3,42.7,"16,761",9.0,14%,2016
201-250,Royal Clearwater University,France,40.9,44.0,53.5,30.9,40.1,41.9,"13,664",9.5,10%,2016
251-300,Royal Deepwell University,Germany,27.8,42.7,41.6,30.8,39.3,34.2,"31,634",29.6,3%,2016
=58,Royal Eastvale University,Kazakhstan,57.2,64.5,72.0,71.4,76.5,66.9,"34,128",20.8,26%,2016
7,Royal Elmstead University,France,87.3,75.0,80.5,95.3,86.8,86.7,"48,338",20.6,32%,2016
201-250,Royal Fairhaven University,Japan,48.4,35.2,45.2,44.8,34.8,45.0,"25,658",29.7,30%,2016
251-300,Royal Foxhill University,United Kingdom,39.3,46.2,31.2,28.5,42.9,34.3,"55,363",8.1,19%,2016
126,Royal Glenrock University,Canada,40.6,64.1,61.6,65.9,54.6,56.6,"37,960",29.4,26%,2016
18,Royal Greystone University,United Kingdom,65.5,78.1,80.9,86.2,81.2,77.7,"7,036",10.9,6%,2016
251-300,Royal Highgate University,Germany,29.5,49.6,31.5,22.8,37.8,29.8,"45,991",21.0,9%,2016
114,Royal Hollowmere University,Canada,56.0,68.3,56.8,56.7,64.0,57.6,"34,996",16.1,42%,2016
14,Royal Ironbridge University,Germany,77.3,81.3,74.4,84.0,84.3,78.9,"25,875",15.2,35%,2016
251-300,Royal Juniper University,Japan,34.8,36.1,20.4,26.5,39.6,28.2,"30,217",28.3,42%,2016
251-300,Royal Kingsport University,France,33.7,53.2,31.2,20.0,37.0,30.4,"20,804",9.6,41%,2016
178,ROYAL LAKESIDE UNIVERSITY,France,57.4,64.4,38.4,47.2,53.9,49.1,"38,356",29.9,30%,2016
201-250,Royal Marlow University,United States,42.5,38.2,50.6,45.1,55.3,45.7,"35,785",15.1,42%,2016
87,Royal Northfield University,Australia,63.1,60.2,57.7,66.8,59.7,62.3,"28,013",21.6,20%,2016
98,Royal Oakridge University,Japan,63.5,70.8,64.4,51.2,42.5,60.1,"18,896",29.2,2%,2016
251-300,Royal Queensbury University,United Kingdom,13.8,18.9,17.3,27.8,38.2,20.1,"25,083",7.4,5%,2016
93,Royal Riverton University,Germany,67.9,53.1,57.3,60.5,62.4,61.2,"32,185",28.1,7%,2016
=196,Royal Stonebrook University,United Kingdom,46.8,46.9,42.6,52.5,31.5,46.9,"30,755",19.6,6%,2016
20,Royal Thornbury University,Canada,73.2,77.0,85.7,73.3,66.7,77.1,"20,519",22.9,17%,2016
184,Royal Upton University,France,56.2,44.7,46.9,42.9,52.1,48.5,"36,580",9.6,32%,2016
201-250,ROYAL VALEMONT UNIVERSITY,Kazakhstan,41.1,39.4,43.7,44.6,41.2,42.8,"15,627",18.8,36%,2016
72,Royal Westbury University,Canada,78.3,56.7,69.8,47.3,54.0,64.2,"31,655",22.2,27%,2016
90,Royal Yarrow University,Australia,64.8,63.1,49.7,69.7,76.1,61.9,"9,727",16.9,8%,2016
=118,South Aldermoor University,France,51.0,53.6,60.2,61.6,52.6,57.2,"29,494",9.7,34%,2016
251-300,South Ashford University,United Kingdom,32.7,46.8,44.5,28.7,22.0,35.9,"46,795",11.9,17%,2016
=80,South Brightwater University,Kazakhstan,57.3,63.0,64.1,67.5,66.9,63.1,"48,220",26.5,3%,2016
251-300,South Caldera University,United States,33.4,45.3,39.5,25.2,41.5,33.8,"42,222",6.8,14%,2016
=129,South Clearwater University,Australia,62.1,52.4,63.5,43.2,64.1,56.2,"46,280",23.0,16%,2016
251-300,  South Deepwell University ,France,37.2,32.8,38.0,34.5,40.6,36.4,"6,818",30.0,14%,2016
=139,South Eastvale University,Canada,58.1,59.9,43.7,60.2,62.9,54.7,"23,034",6.2,37%,2016
201-250,South Elmstead University,Kazakhstan,50.5,21.4,29.6,45.2,45.8,40.4,"40,153",9.9,35%,2016
251-300,South Fairhaven University,Kazakhstan,44.6,22.5,37.7,31.2,33.9,36.6,"49,308",22.2,32%,2016
57,South Foxhill University,United Kingdom,78.5,52.4,58.9,67.4,64.9,67.0,"35,579",7.4,8%,2016
=76,South Glenrock University,Japan,61.9,39.4,68.6,66.5,59.6,63.5,"50,508",20.2,37%,2016
174,South Greystone University,Kazakhstan,56.8,38.3,43.6,50.7,47.3,49.4,"18,829",22.4,31%,2016
60,South Highgate University,Canada,58.9,86.5,61.7,73.5,81.1,66.8,"11,979",20.1,10%,2016
251-300,South Hollowmere University,Japan,46.5,46.7,37.4,29.1,54.0,38.8,"7,897",14.8,30%,2016
=165,  South Ironbridge University ,Kazakhstan,51.4,65.5,34.0,61.7,56.4,50.4,"36,749",22.7,23%,2016
91,South Kingsport University,Kazakhstan,61.4,63.8,56.9,67.2,52.2,61.7,"40,989",20.3,21%,2016
201-250,South Marlow University,United Kingdom,43.2,51.5,44.9,49.2,46.4,46.2,"18,905",11.0,7%,2016
=115,South Northfield University,Canada,59.5,54.1,59.3,53.9,61.7,57.4,"46,554",19.5,24%,2016
=117,South Oakridge University,Australia,62.6,51.1,57.4,54.1,47.5,57.2,"43,927",27.2,6%,2016
=142,South Queensbury University,United Kingdom,46.5,53.2,60.3,56.0,67.0,54.5,"23,020",22.0,9%,2016
13,South Riverton University,United States,78.3,71.3,74.7,87.0,70.2,79.1,"16,742",17.3,8%,2016
251-300,South Stonebrook University,France,38.7,41.2,22.2,35.3,41.3,33.0,"44,517",13.7,43%,2016
251-300,South Upton University,United Kingdom,19.9,23.0,24.8,18.2,25.3,21.2,"40,550",8.1,14%,2016
11,South Valemont University,United States,76.8,75.6,84.6,85.1,79.1,81.6,"13,115",11.9,17%,2016
2,  South Westbury University ,United Kingdom,95.1,84.9,95.1,93.5,-,94.0,"17,384",6.3,16%,2016
=176,State Aldermoor University,Kazakhstan,56.0,40.1,55.4,38.7,44.7,49.2,"31,459",29.7,41%,2016
251-300,State Ashford University,United States,39.9,26.6,16.9,26.0,32.3,27.7,"31,965",11.3,26%,2016
108,State Brightwater University,Japan,55.9,54.7,66.9,56.3,45.2,59.0,"12,581",25.6,42%,2016
=171,State Caldera University,France,57.3,45.6,41.4,51.7,49.7,49.8,"58,306",10.0,15%,2016
=163,State Deepwell University,Canada,39.9,52.8,57.7,53.3,55.1,50.6,"24,859",12.8,7%,2016
251-300,  State Dunmore University ,Australia,39.8,44.3,24.8,36.1,47.9,34.7,"24,246",16.0,26%,2016
52,State Eastvale University,Japan,72.8,70.0,53.3,77.0,65.3,67.8,"6,498",13.8,17%,2016
66,State Elmstead University,Kazakhstan,67.5,74.6,74.6,53.3,69.1,65.9,"51,864",25.2,36%,2016
251-300,State Fairhaven University,United Kingdom,33.8,40.8,30.3,27.0,31.2,31.2,"16,493",29.0,40%,2016
=47,State Glenrock University,France,74.3,58.2,72.2,64.1,63.8,69.1,"59,141",27.0,22%,2016
3,State Greystone University,Kazakhstan,90.4,99.6,89.4,95.1,99.0,92.4,"32,174",9.7,44%,2016
130,State Hollowmere University,France,65.4,55.1,55.2,47.2,61.3,56.0,"51,741",24.6,26%,2016
=166,State Juniper University,Canada,53.3,57.1,59.9,36.5,46.3,50.4,"13,010",9.6,14%,2016
201-250,State Kingsport University,United States,47.3,52.6,48.1,35.3,48.4,44.4,"12,290",27.9,23%,2016
=99,State Marlow University,Australia,66.5,61.5,49.1,64.1,57.8,60.0,"47,781",18.4,4%,2016
251-300,State Northfield University,Australia,7.2,14.4,21.8,19.2,35.0,16.4,"49,252",14.1,37%,2016
113,State Oakridge University,Kazakhstan,60.7,53.4,61.4,52.7,53.1,57.8,"33,643",9.8,6%,2016
201-250,State Pinecrest University,Kazakhstan,19.4,37.4,54.3,57.7,52.7,43.5,"4,773",6.3,15%,2016
25,State Queensbury University,Canada,70.2,87.6,71.3,77.8,82.3,74.4,"55,091",12.0,26%,2016
=146,State Riverton University,France,57.4,63.0,46.6,54.8,57.2,53.8,"25,568",27.9,4%,2016
15,State Stonebrook University,Kazakhstan,85.9,75.8,75.0,76.8,72.4,78.8,"55,641",25.1,5%,2016
251-300,State Thornbury University,Canada,30.3,43.4,36.7,44.6,28.7,37.5,"53,170",29.3,32%,2016
102,State Upton University,Germany,59.7,56.1,52.6,66.9,64.5,59.6,"50,186",8.4,5%,2016
105,State Yarrow University,Canada,71.9,54.3,53.6,53.9,62.7,59.4,"42,668",20.2,23%,2016
251-300,Stonebrook Institute of Technology,Japan,38.7,48.4,33.9,41.9,42.6,39.1,"40,960",12.2,17%,2016
65,Technical Aldermoor University,Kazakhstan,75.6,59.9,62.9,63.3,50.8,66.3,"34,225",19.0,12%,2016
19,Technical Clearwater University,Canada,72.5,86.0,80.1,78.0,77.4,77.6,"4,325",13.7,10%,2016
=195,Technical Deepwell University,France,51.2,45.2,51.7,38.5,45.5,46.9,"25,352",12.8,35%,2016
251-300,Technical Dunmore University,Australia,40.9,39.7,26.1,36.3,25.6,34.6,"45,655",19.8,43%,2016
=161,Technical Elmstead University,Kazakhstan,55.1,54.7,54.2,43.9,-,51.3,"49,303",10.4,8%,2016
201-250,Technical Fairhaven University,Germany,33.8,48.9,33.1,51.3,50.7,40.4,"34,116",17.3,43%,2016
=180,Technical Glenrock University,Germany,50.9,43.8,41.1,55.9,54.5,49.0,"44,358",21.6,28%,2016
=160,Technical Highgate University,United Kingdom,53.3,53.0,43.3,56.2,59.0,51.3,"4,209",9.1,30%,2016
251-300,Technical Hollowmere University,Germany,19.9,25.9,24.9,30.5,40.3,25.5,"30,085",28.3,33%,2016
251-300,Technical Ironbridge University,Australia,30.3,22.4,22.5,28.2,53.0,27.3,"31,546",18.1,32%,2016
=85,Technical Kingsport University,Australia,56.2,69.0,64.7,66.6,50.4,62.7,"53,634",25.7,37%,2016
167,Technical Lakeside University,Australia,55.6,52.4,52.9,42.5,41.4,50.3,"20,118",21.7,23%,2016
251-300,Technical Marlow University,Germany,16.4,20.8,5.9,18.3,12.8,14.1,"16,508",23.0,25%,2016
=46,Technical Northfield University,Kazakhstan,66.4,77.9,67.1,72.9,59.1,69.2,"23,050",23.2,16%,2016
120,Technical Oakridge University,France,59.1,70.3,56.0,53.4,47.7,57.0,"13,015",27.0,7%,2016
201-250,Technical Pinecrest University,United States,44.4,41.8,49.9,41.8,42.4,45.0,"34,948",20.7,31%,2016
251-300,Technical Queensbury University,Canada,40.5,39.8,34.8,25.8,26.7,34.0,"39,470",12.7,3%,2016
101,Technical Riverton University,France,61.8,58.4,56.7,60.6,-,59.9,"49,278",8.4,14%,2016
=182,Technical Stonebrook University,Kazakhstan,51.6,59.2,46.5,44.8,61.3,48.9,"58,848",20.6,6%,2016
1,Technical Upton University,Kazakhstan,99.3,85.8,92.1,96.2,93.7,95.0,"7,339",7.6,10%,2016
=48,Technical Valemont University,Kazakhstan,58.9,74.2,71.8,75.8,64.2,69.1,"17,034",11.8,29%,2016
136,Technical Westbury University,Germany,48.1,64.5,43.4,70.0,66.6,54.9,"20,278",7.5,29%,2016
=159,  Thornbury Institute of Technology ,Kazakhstan,56.8,51.1,56.0,41.5,50.1,51.4,"17,473",19.2,20%,2016
=27,University of Ashford,Australia,69.2,76.7,78.3,73.5,-,74.2,"49,564",9.8,6%,2016
89,University of Bellmont,Japan,51.0,46.1,61.8,76.5,67.7,62.0,"10,898",20.6,21%,2016
30,University of Brightwater,France,77.3,57.3,79.1,69.1,57.6,73.4,"4,742",25.0,17%,2016
192,University of Clearwater,Australia,53.6,55.3,40.3,47.7,38.3,47.6,"50,640",25.7,33%,2016
201-250,University of Deepwell,France,51.0,47.8,46.6,31.1,37.0,43.1,"58,836",13.4,27%,2016
193,University of Elmstead,Germany,53.5,49.7,36.5,51.8,49.2,47.5,"16,021",19.2,23%,2016
=134,University of Fairhaven,United States,55.6,56.5,49.6,58.9,65.4,55.1,"21,419",19.5,23%,2016
12,University of Foxhill,Australia,80.3,79.8,84.3,79.9,74.3,81.2,"32,409",17.3,44%,2016
201-250,University of Glenrock,Germany,46.9,64.0,39.7,38.2,64.7,43.9,"32,702",21.7,35%,2016
187,University of Greystone,Kazakhstan,43.7,56.7,44.0,54.7,48.9,48.2,"60,948",11.0,23%,2016
88,University of Highgate,Canada,66.9,63.1,50.0,69.4,64.3,62.2,"26,421",29.5,23%,2016
191,University of Ironbridge,Australia,62.5,47.6,38.3,42.6,-,47.7,"3,698",8.4,3%,2016
44,University of Kingsport,France,81.4,66.0,68.7,59.4,60.9,69.3,"27,415",25.9,43%,2016
251-300,University of Lakeside,France,30.2,4.4,16.2,3.2,21.7,15.8,"35,046",20.3,16%,2016
201-250,University of Northfield,Kazakhstan,44.3,44.5,45.9,42.0,45.9,44.1,"33,180",11.9,13%,2016
201-250,University of Queensbury,Australia,47.1,51.7,49.2,39.7,28.4,45.4,"32,230",23.9,45%,2016
251-300,University of Stonebrook,Australia,24.3,7.9,22.3,5.7,17.1,16.7,"55,849",8.0,33%,2016
201-250,University of Thornbury,Canada,38.8,35.2,41.3,43.0,40.7,40.6,"50,105",24.6,4%,2016
201-250,University of Upton,Australia,42.0,30.2,52.2,35.2,39.0,42.1,"17,434",20.2,5%,2016
=173,University of Valemont,Australia,61.2,43.0,45.4,43.8,-,49.5,"22,650",8.7,3%,2016
=45,University of Yarrow,United Kingdom,71.0,75.4,70.3,65.0,67.0,69.2,"42,017",7.9,28%,2016
=138,Upton Institute of Technology,Kazakhstan,47.5,34.4,61.0,60.8,53.3,54.7,"26,443",24.0,5%,2016
201-250,West Aldermoor University,United Kingdom,36.9,43.5,49.9,45.3,37.1,43.8,"27,074",13.0,42%,2016
147,West Bellmont University,Germany,60.0,62.4,41.4,56.2,58.5,53.4,"12,839",27.3,42%,2016
35,West Brightwater University,Kazakhstan,69.0,69.4,67.8,77.4,79.6,71.5,"17,076",24.3,25%,2016
201-250,West Clearwater University,Kazakhstan,44.7,21.6,53.7,30.8,37.0,41.3,"45,324",22.8,29%,2016
201-250,West Deepwell University,Canada,46.5,33.5,46.3,43.4,39.3,44.4,"52,086",12.7,15%,2016
=77,West Eastvale University,Japan,61.7,72.8,63.6,62.6,68.2,63.5,"48,507",23.0,5%,2016
169,West Elmstead University,Japan,56.7,29.4,50.7,46.8,56.7,49.9,"20,775",28.8,34%,2016
67,West Fairhaven University,Canada,67.9,59.8,61.3,68.6,60.8,65.4,"11,000",8.2,6%,2016
=162,West Foxhill University,Japan,45.3,45.1,62.1,45.1,60.8,50.6,"11,811",13.8,6%,2016
37,West Glenrock University,Canada,77.2,72.7,64.6,70.2,73.5,70.9,"24,768",11.6,15%,2016
251-300,West Greystone University,Kazakhstan,36.1,36.9,38.6,42.4,49.7,39.2,"33,256",15.4,3%,2016
201-250,West Highgate University,Australia,41.3,58.3,57.9,31.9,68.9,45.4,"55,208",23.8,21%,2016
=181,West Ironbridge University,United Kingdom,42.5,52.9,43.7,59.8,45.3,48.9,"55,490",17.4,32%,2016
251-300,West Juniper University,Germany,30.9,51.2,40.9,12.8,37.9,30.2,"3,088",19.7,36%,2016
251-300,West Kingsport University,Australia,33.5,34.0,57.9,26.7,29.8,38.7,"43,766",13.5,28%,2016
=74,West Lakeside University,Canada,62.2,69.9,51.4,76.1,63.2,63.8,"20,292",9.4,38%,2016
194,West Marlow University,Kazakhstan,48.0,36.7,49.9,47.4,42.0,47.4,"14,613",12.4,19%,2016
251-300,West Northfield University,Germany,43.2,49.7,32.3,26.1,28.8,34.9,"33,978",26.6,38%,2016
151,West Oakridge University,Kazakhstan,54.5,46.3,60.3,44.4,54.6,52.6,"5,071",20.5,24%,2016
23,WEST PINECREST UNIVERSITY,United States,76.3,65.7,73.5,78.8,66.9,75.2,"22,386",15.1,12%,2016
251-300,West Queensbury University,Kazakhstan,21.5,20.0,25.5,5.9,19.3,17.9,"34,702",25.0,43%,2016
251-300,West Riverton University,Canada,38.5,19.8,40.2,41.8,28.5,38.4,"18,216",7.5,14%,2016
251-300,West Thornbury University,Japan,24.3,40.5,42.6,45.1,31.8,37.4,"37,730",12.1,3%,2016
21,West Upton University,France,73.8,83.1,86.8,66.7,79.2,76.4,"29,169",11.5,12%,2016
190,West Valemont University,Canada,42.4,61.6,42.5,54.1,61.7,47.9,"48,904",29.6,18%,2016
=55,West Westbury University,Japan,67.6,53.1,80.7,57.4,69.6,67.4,"13,587",22.9,17%,2016
201-250,West Yarrow University,Japan,36.8,37.7,42.0,45.6,54.8,41.5,"6,264",20.8,25%,2016
201-250,Westbury Institute of Technology,Kazakhstan,47.5,42.2,44.6,44.4,-,45.2,"33,601",6.1,40%,2016
127,Yarrow Institute of Technology,Kazakhstan,71.6,48.0,50.4,48.3,70.1,56.5,"17,206",10.4,15%,2016
=116,ALDERMOOR INSTITUTE OF TECHNOLOGY,Canada,65.0,57.9,53.2,56.5,59.2,58.2,"39,113",19.8,29%,2017
=122,Ashford Institute of Technology,Japan,59.9,50.1,62.6,51.1,44.4,56.9,"8,191",8.2,18%,2017
251-300,Caldera Institute of Technology,Australia,23.4,30.7,31.6,28.7,40.5,28.4,"25,820",26.3,42%,2017
=48,Central Aldermoor University,Canada,68.8,67.0,69.0,70.5,57.7,69.0,"51,285",10.2,35%,2017
155,Central Ashford University,Germany,42.9,44.7,59.4,55.1,54.2,51.9,"47,883",24.4,21%,2017
201-250,Central Caldera University,Australia,50.8,55.4,54.9,27.7,41.8,45.2,"38,455",14.7,34%,2017
201-250,Central Clearwater University,Japan,45.1,39.7,44.8,45.1,33.7,44.3,"53,212",24.8,44%,2017
=194,Central Deepwell University,United States,31.6,48.5,66.1,44.8,-,47.4,"46,942",11.0,22%,2017
=138,Central Dunmore University,Japan,42.1,68.4,60.5,58.8,58.0,55.0,"40,139",10.5,30%,2017
174,Central Elmstead University,France,61.7,43.1,47.6,41.8,41.9,49.6,"50,743",17.9,42%,2017
71,Central Fairhaven University,Australia,69.8,68.3,61.2,63.0,60.0,64.8,"10,136",6.8,13%,2017
=161,Central Glenrock University,Australia,50.4,64.9,61.8,38.1,50.1,51.2,"50,260",11.4,40%,2017
44,Central Greystone University,United Kingdom,58.4,75.7,71.8,80.1,57.2,70.2,"20,022",23.4,6%,2017
201-250,Central Highgate University,Australia,47.0,40.9,40.7,38.9,46.0,42.2,"45,851",26.1,30%,2017
201-250,Central Hollowmere University,United Kingdom,40.4,27.1,49.7,32.7,20.8,39.4,"53,709",7.9,36%,2017
30,Central Ironbridge University,Canada,82.7,63.9,70.7,68.1,67.1,72.9,"32,049",27.2,28%,2017
166,Central Juniper University,Canada,53.3,56.4,40.8,56.5,43.8,50.5,"8,221",25.1,23%,2017
37,Central Lakeside University,Germany,68.9,62.2,78.4,69.5,65.1,71.4,"24,172",26.9,29%,2017
114,Central Marlow University,United States,56.1,63.3,61.3,54.8,75.6,58.3,"26,908",22.8,9%,2017
=164,Central Northfield University,Kazakhstan,52.9,46.8,50.8,48.7,55.2,50.6,"55,906",22.2,11%,2017
=85,Central Oakridge University,Germany,57.7,58.5,64.0,68.4,62.7,63.0,"55,233",18.6,14%,2017
11,Central Queensbury University,United Kingdom,79.2,88.3,75.8,93.2,70.2,82.8,"35,506",21.7,28%,2017
6,Central Riverton University,United Kingdom,97.0,99.9,84.2,81.6,-,88.3,"56,240",28.1,21%,2017
69,Central Stonebrook University,Germany,72.2,46.2,73.1,57.3,-,65.7,"27,393",8.4,13%,2017
=124,Central Thornbury University,United Kingdom,64.4,67.5,60.8,42.5,50.4,56.6,"27,069",13.6,40%,2017
=47,Central Upton University,Japan,63.9,72.9,68.0,73.7,75.5,69.0,"52,199",7.7,18%,2017
251-300,Clearwater Institute of Technology,Germany,49.7,47.3,38.0,26.0,34.8,38.5,"40,437",28.7,21%,2017
86,Deepwell Institute of Technology,United States,63.9,61.6,57.7,67.9,57.8,62.9,"32,857",16.7,20%,2017
=132,  Dunmore Institute of Technology ,United States,58.8,58.7,49.0,59.0,53.5,55.8,"29,165",22.2,10%,2017
64,East Aldermoor University,Japan,68.8,58.2,53.8,79.4,58.7,66.5,"43,906",26.2,33%,2017
201-250,East Ashford University,United States,46.3,55.3,51.6,31.7,36.1,43.9,"46,208",29.8,21%,2017
251-300,East Bellmont University,Canada,37.2,29.9,16.3,28.9,26.4,27.6,"30,416",9.9,3%,2017
251-300,East Brightwater University,United States,27.6,32.5,31.0,39.1,23.3,32.3,"4,683",25.2,43%,2017
201-250,East Caldera University,United Kingdom,39.3,35.0,35.4,48.4,30.1,40.3,"8,689",27.3,37%,2017
201-250,East Clearwater University,United Kingdom,35.2,46.8,53.2,41.0,51.2,43.6,"11,005",7.2,33%,2017
=188,East Deepwell University,Germany,51.9,41.0,45.3,49.1,50.9,48.2,"29,513",24.1,39%,2017
8,East Dunmore University,Canada,80.4,83.9,90.7,82.8,83.6,84.5,"38,346",14.5,41%,2017
41,East Eastvale University,Germany,59.8,82.4,80.8,69.4,64.2,70.8,"47,377",21.6,17%,2017
198,East Elmstead University,United States,57.1,42.8,52.2,33.1,45.0,47.1,"16,116",18.3,28%,2017
93,East Fairhaven University,Australia,75.5,60.7,50.0,58.4,60.7,61.3,"48,926",12.2,28%,2017
191,East Foxhill University,France,58.8,39.2,51.3,36.1,44.2,47.9,"40,113",9.2,13%,2017
148,EAST GLENROCK UNIVERSITY,Canada,52.5,46.8,54.8,54.1,52.3,53.2,"5,994",8.8,12%,2017
119,East Greystone University,France,69.2,46.4,42.5,63.0,71.4,57.7,"23,004",8.5,7%,2017
70,East Highgate University,Australia,67.2,57.5,68.3,63.6,54.9,65.4,"20,151",21.3,30%,2017
201-250,East Hollowmere University,United Kingdom,52.5,48.0,46.9,34.4,53.7,45.1,"53,661",14.4,36%,2017
=33,East Ironbridge University,Australia,63.1,82.5,73.3,77.4,54.2,71.7,"54,220",11.2,35%,2017
201-250,East Juniper University,United States,39.7,61.3,38.9,43.7,41.2,42.4,"49,912",22.6,16%,2017
144,EAST KINGSPORT UNIVERSITY,United Kingdom,57.6,46.9,54.7,49.0,66.4,53.6,"33,995",22.5,11%,2017
4,  East Marlow University ,Japan,81.6,100.0,100.0,92.3,96.1,92.1,"30,494",18.9,22%,2017
=100,East Northfield University,France,58.7,60.6,71.7,49.0,58.1,59.8,"20,352",28.4,26%,2017
57,East Pinecrest University,Australia,77.9,74.3,52.3,70.6,74.6,67.7,"46,944",15.2,42%,2017
110,East Riverton University,United Kingdom,72.4,58.5,52.0,52.1,56.4,58.8,"7,908",26.1,40%,2017
=56,East Stonebrook University,Canada,75.3,60.5,57.9,72.9,60.6,67.9,"18,906",7.8,41%,2017
=184,East Upton University,Germany,55.6,56.4,38.5,50.4,49.1,48.8,"10,738",23.8,39%,2017
=137,East Valemont University,Australia,53.9,52.9,53.4,58.8,49.2,55.0,"31,715",29.7,43%,2017
201-250,East Westbury University,Japan,42.5,32.1,54.9,38.6,-,44.3,"19,677",26.3,22%,2017
=102,  East Yarrow University ,Japan,59.2,48.5,54.4,69.2,54.0,59.8,"14,683",19.9,4%,2017
201-250,Eastvale Institute of Technology,Australia,34.3,48.0,48.6,43.0,33.1,42.2,"25,040",21.0,6%,2017
=83,Elmstead Institute of Technology,Canada,63.3,62.2,55.3,71.4,54.4,63.0,"52,077",14.5,19%,2017
=60,Fairhaven Institute of Technology,Kazakhstan,66.1,67.5,65.7,68.9,-,67.1,"34,809",22.3,13%,2017
=112,Glenrock Institute of Technology,United States,51.2,61.3,70.8,52.3,66.0,58.6,"49,745",24.5,9%,2017
=181,Greystone Institute of Technology,Germany,54.6,54.1,49.7,40.9,52.0,48.9,"56,627",30.0,43%,2017
=81,Highgate Institute of Technology,Canada,65.9,63.8,68.2,54.5,71.4,63.2,"54,695",17.8,10%,2017
201-250,Hollowmere Institute of Technology,Kazakhstan,38.4,46.0,34.7,41.7,49.0,39.1,"22,398",7.5,43%,2017
23,Ironbridge Institute of Technology,Germany,69.7,77.2,85.0,73.5,72.5,76.1,"53,055",20.3,35%,2017
251-300,Kingsport Institute of Technology,Japan,37.1,40.3,35.5,29.1,31.5,34.3,"54,382",8.9,30%,2017
=133,  Lakeside Institute of Technology ,Canada,56.3,55.3,44.3,66.7,-,55.6,"57,182",11.9,31%,2017
251-300,Marlow Institute of Technology,Japan,34.2,30.8,29.4,7.8,22.9,24.3,"22,578",13.9,16%,2017
251-300,National Aldermoor University,Australia,28.1,44.1,21.9,33.3,50.1,29.5,"16,275",23.5,30%,2017
26,National Ashford University,France,69.0,86.5,85.2,66.5,72.9,74.5,"35,455",10.4,10%,2017
74,National Brightwater University,Germany,61.5,72.4,66.1,62.8,67.5,64.2,"54,582",10.0,42%,2017
201-250,National Clearwater University,France,43.0,46.2,43.4,46.4,42.5,44.4,"54,359",7.1,15%,2017
251-300,National Deepwell University,Japan,35.0,34.8,31.4,15.4,33.0,28.0,"35,064",27.0,13%,2017
251-300,National Dunmore University,Canada,20.8,5.6,6.4,13.5,5.2,12.7,"11,608",22.6,33%,2017
=134,National Eastvale University,Kazakhstan,54.5,49.7,52.2,61.7,54.1,55.6,"26,765",7.0,30%,2017
3,National Fairhaven University,Japan,93.2,84.2,94.3,91.5,-,92.3,"42,687",6.7,21%,2017
99,  National Glenrock University ,Canada,51.3,55.1,68.3,62.7,49.7,60.1,"35,300",19.4,29%,2017
173,National Highgate University,Japan,43.5,56.3,47.1,56.5,59.5,49.8,"22,940",12.8,9%,2017
=78,National Hollowmere University,Kazakhstan,64.7,64.9,66.1,59.3,65.9,63.5,"22,286",20.3,31%,2017
251-300,National Juniper University,Japan,31.1,45.2,28.9,29.1,21.8,30.7,"6,564",16.4,14%,2017
163,National Kingsport University,France,52.3,49.3,67.1,32.3,64.8,50.8,"19,376",28.2,14%,2017
135,National Lakeside University,Canada,60.1,45.4,46.4,61.2,61.5,55.3,"40,009",12.9,9%,2017
=127,National Marlow University,Germany,48.7,52.3,68.8,52.9,52.7,56.4,"17,233",22.3,16%,2017
65,National Northfield University,France,59.3,66.7,78.1,60.0,77.8,66.2,"58,104",7.3,16%,2017
104,National Oakridge University,France,62.3,61.3,54.2,61.4,-,59.4,"7,920",28.9,22%,2017
49,National Riverton University,Germany,63.5,74.9,82.3,59.7,-,68.9,"35,502",29.5,10%,2017
201-250,National Stonebrook University,Australia,45.3,39.9,53.4,39.3,40.0,45.4,"31,955",23.7,10%,2017
25,National Thornbury University,United Kingdom,67.7,73.0,80.6,77.4,71.4,75.0,"50,663",17.2,25%,2017
31,National Upton University,Japan,70.3,75.1,79.0,67.7,85.2,72.8,"55,202",11.3,8%,2017
201-250,National Valemont University,United Kingdom,39.2,46.7,40.9,48.2,40.3,43.0,"33,715",25.5,32%,2017
201-250,National Westbury University,Australia,54.6,43.7,38.5,30.2,35.7,41.2,"39,644",23.7,43%,2017
=43,National Yarrow University,France,65.1,69.8,76.5,69.3,79.1,70.5,"42,324",11.3,20%,2017
=150,North Ashford University,Australia,32.1,49.9,60.6,66.5,52.5,52.8,"32,891",16.8,41%,2017
=34,North Brightwater University,France,58.2,73.3,73.9,83.1,64.6,71.7,"13,548",17.1,6%,2017
201-250,North Caldera University,France,49.3,47.1,38.9,48.4,36.3,45.4,"28,228",25.8,4%,2017
19,North Clearwater University,Kazakhstan,72.8,90.4,84.0,69.2,80.4,76.6,"16,589",22.4,33%,2017
107,North Deepwell University,United States,57.5,57.2,65.3,56.6,37.5,59.1,"29,898",21.4,35%,2017
76,North Dunmore University,Canada,70.0,60.2,63.2,60.1,58.2,64.0,"37,842",21.6,38%,2017
27,North Eastvale University,Japan,59.2,62.1,85.3,79.7,72.7,73.8,"15,093",12.5,4%,2017
=183,North Elmstead University,Kazakhstan,51.1,40.3,48.6,48.1,58.1,48.8,"17,030",14.9,35%,2017
201-250,North Fairhaven University,Kazakhstan,53.8,35.6,31.2,37.1,37.0,40.2,"48,823",7.1,18%,2017
201-250,North Foxhill University,Japan,39.3,44.4,39.7,46.7,-,42.4,"25,188",24.9,15%,2017
136,North Glenrock University,Japan,60.5,72.6,50.2,49.6,-,55.1,"14,597",16.4,9%,2017
251-300,North Greystone University,Germany,21.4,29.8,32.7,25.3,35.2,26.9,"44,663",16.5,45%,2017
75,North Highgate University,Germany,55.2,74.1,62.7,71.4,68.9,64.1,"42,538",11.9,5%,2017
201-250,North Hollowmere University,Germany,44.3,49.0,46.2,37.6,46.8,43.3,"50,309",11.0,38%,2017
=52,North Ironbridge University,Japan,84.1,71.1,48.9,70.1,-,68.3,"47,472",20.1,29%,2017
251-300,North Kingsport University,Kazakhstan,35.0,17.9,9.8,14.6,14.6,19.5,"60,235",11.6,34%,2017
201-250,North Lakeside University,Japan,41.2,43.5,50.4,43.1,48.7,44.9,"35,520",7.5,33%,2017
251-300,North Marlow University,United Kingdom,46.0,42.9,29.2,25.8,40.7,34.5,"19,719",24.4,39%,2017
201-250,North Northfield University,United Kingdom,43.2,27.4,44.6,53.0,49.1,45.5,"50,747",15.0,10%,2017
103,North Oakridge University,Canada,69.9,39.8,49.4,63.0,73.1,59.5,"18,412",15.1,2%,2017
153,North Queensbury University,Japan,51.8,47.6,62.7,44.0,47.0,52.3,"19,648",16.4,28%,2017
=149,North Riverton University,Canada,50.8,52.7,52.3,56.4,40.4,52.8,"50,688",25.6,17%,2017
154,North Stonebrook University,Australia,55.3,55.1,55.3,45.8,44.3,52.2,"53,095",13.7,7%,2017
40,North Thornbury University,France,83.6,61.9,78.0,54.7,60.0,71.0,"22,519",24.2,10%,2017
201-250,North Upton University,Australia,40.4,37.5,50.7,38.6,42.8,42.8,"43,703",28.5,16%,2017
=66,North Valemont University,Japan,64.1,73.8,67.0,65.3,64.3,66.0,"55,469",21.9,5%,2017
35,North Westbury University,United Kingdom,74.1,71.7,64.0,77.8,58.6,71.6,"49,878",16.4,4%,2017
=130,North Yarrow University,Germany,57.6,63.3,58.2,48.9,67.6,55.8,"3,381",23.9,41%,2017
73,Northfield Institute of Technology,Japan,64.3,72.2,67.8,59.6,54.7,64.3,"41,741",17.0,15%,2017
=108,  Pacific Aldermoor University ,Germany,65.6,63.7,56.6,52.7,72.0,59.0,"12,680",15.9,44%,2017
10,Pacific Ashford University,France,86.0,80.7,81.3,80.4,99.3,82.9,"50,837",18.6,43%,2017
=95,PACIFIC BELLMONT UNIVERSITY,Australia,55.0,59.9,66.3,62.2,58.6,61.0,"6,783",13.6,8%,2017
169,Pacific Brightwater University,Kazakhstan,51.9,50.2,44.8,53.8,52.6,50.2,"59,906",8.5,33%,2017
145,Pacific Clearwater University,Australia,45.9,42.4,61.2,56.7,44.8,53.5,"12,801",16.0,28%,2017
196,Pacific Deepwell University,Kazakhstan,41.9,52.4,44.1,56.5,25.3,47.3,"26,994",9.0,32%,2017
251-300,Pacific Dunmore University,Canada,22.8,16.9,51.9,29.4,32.0,33.3,"16,270",15.9,6%,2017
201-250,Pacific Eastvale University,Kazakhstan,47.7,29.8,49.5,44.2,36.6,45.6,"49,283",19.4,10%,2017
175,Pacific Fairhaven University,United Kingdom,45.2,46.3,61.6,42.9,42.8,49.5,"25,329",28.3,5%,2017
157,Pacific Foxhill University,Canada,48.9,55.3,53.1,49.5,73.1,51.5,"44,720",6.9,28%,2017
=147,Pacific Glenrock University,Canada,58.0,52.5,47.0,54.5,-,53.3,"6,847",20.9,44%,2017
201-250,Pacific Greystone University,United Kingdom,45.4,29.0,48.4,34.6,44.7,41.8,"28,705",17.0,31%,2017
58,Pacific Highgate University,France,64.9,64.3,75.7,62.8,68.9,67.6,"53,468",6.5,33%,2017
51,Pacific Hollowmere University,Australia,72.9,58.0,69.8,65.6,65.9,68.5,"55,478",12.0,44%,2017
199,Pacific Ironbridge University,Germany,44.2,75.8,43.7,44.2,64.1,46.9,"14,984",8.8,31%,2017
201-250,Pacific Juniper University,Canada,39.2,56.3,33.3,55.7,43.4,43.8,"25,387",11.2,4%,2017
139,Pacific Marlow University,Canada,57.2,57.2,49.2,55.7,71.1,54.7,"26,829",12.6,39%,2017
=111,Pacific Northfield University,United States,55.9,52.0,43.4,78.4,56.5,58.6,"35,104",15.6,18%,2017
251-300,Pacific Pinecrest University,Canada,33.9,23.3,35.0,27.5,29.4,31.4,"33,643",18.7,2%,2017
=158,Pacific Stonebrook University,France,44.4,36.3,61.2,53.1,40.7,51.3,"9,260",6.0,24%,2017
120,Pacific Thornbury University,Australia,65.5,55.6,61.5,47.5,41.9,57.6,"46,587",9.9,42%,2017
201-250,Pacific Upton University,Australia,44.1,32.7,29.4,54.2,40.7,41.8,"16,165",8.2,13%,2017
129,Pacific Westbury University,Canada,42.2,57.9,57.9,67.7,56.6,56.1,"21,457",19.2,23%,2017
251-300,Pacific Yarrow University,United States,15.6,20.1,26.9,31.7,21.8,24.3,"52,168",13.9,9%,2017
15,Pinecrest Institute of Technology,Australia,75.6,72.5,91.9,68.9,-,78.2,"41,923",19.2,4%,2017
=39,Queensbury Institute of Technology,United States,74.1,73.4,61.2,77.7,71.0,71.2,"26,282",11.3,5%,2017
197,Riverton Institute of Technology,Japan,52.1,54.2,49.1,39.8,32.8,47.2,"55,456",6.6,33%,2017
=62,  Royal Ashford University ,United States,58.3,62.2,72.2,73.0,53.7,67.1,"25,274",28.6,39%,2017
251-300,Royal Bellmont University,United States,18.0,8.2,23.0,23.2,23.3,20.5,"34,286",8.6,8%,2017
201-250,Royal Brightwater University,Germany,47.4,44.0,43.6,40.2,40.8,43.7,"17,482",9.0,14%,2017
201-250,Royal Clearwater University,France,39.1,44.2,54.4,29.0,41.0,41.1,"13,200",9.5,10%,2017
251-300,Royal Deepwell University,Germany,28.9,44.5,40.8,28.9,41.1,33.9,"31,405",29.6,3%,2017
50,Royal Eastvale University,Kazakhstan,60.8,66.7,74.3,71.4,75.3,68.8,"35,102",20.8,26%,2017
7,Royal Elmstead University,France,87.4,73.1,77.3,93.9,86.8,85.2,"50,296",20.6,32%,2017
201-250,Royal Fairhaven University,Japan,46.2,35.9,42.1,43.6,35.0,43.1,"25,342",29.7,30%,2017
251-300,Royal Foxhill University,United Kingdom,40.1,46.0,32.9,30.9,42.2,35.7,"54,025",8.1,19%,2017
128,Royal Glenrock University,Canada,39.5,63.8,63.9,63.6,52.4,56.2,"37,924",29.4,26%,2017
17,Royal Greystone University,United Kingdom,63.4,77.0,79.3,89.2,80.6,77.4,"7,153",10.9,6%,2017
251-300,Royal Highgate University,Germany,30.0,47.7,30.1,19.5,36.1,28.4,"44,302",21.0,9%,2017
=109,Royal Hollowmere University,Canada,57.3,70.6,56.0,60.5,63.9,59.0,"35,728",16.1,42%,2017
16,Royal Ironbridge University,Germany,76.9,80.7,74.0,81.4,82.2,77.8,"25,617",15.2,35%,2017
251-300,Royal Juniper University,Japan,32.7,36.5,22.4,27.3,39.6,28.4,"28,799",28.3,42%,2017
251-300,Royal Kingsport University,France,31.7,51.7,30.5,18.9,34.0,29.1,"20,446",9.6,41%,2017
=187,Royal Lakeside University,France,56.6,67.6,37.7,45.3,51.5,48.2,"37,599",29.9,30%,2017
201-250,Royal Marlow University,United States,41.2,39.7,48.2,45.8,54.1,44.9,"36,317",15.1,42%,2017
92,Royal Northfield University,Australia,60.4,58.9,56.7,68.6,59.8,61.6,"28,627",21.6,20%,2017
90,Royal Oakridge University,Japan,65.7,70.0,66.5,53.7,40.7,62.0,"19,819",29.2,2%,2017
251-300,Royal Queensbury University,United Kingdom,15.6,19.2,18.5,26.5,38.5,20.6,"25,176",7.4,5%,2017
96,Royal Riverton University,Germany,67.7,52.8,55.8,61.2,62.6,60.9,"32,255",28.1,7%,2017
200,Royal Stonebrook University,United Kingdom,48.7,44.4,42.4,51.1,31.7,46.8,"30,243",19.6,6%,2017
22,Royal Thornbury University,Canada,74.3,77.9,83.1,71.4,67.7,76.2,"20,332",22.9,17%,2017
=195,Royal Upton University,France,56.2,46.7,45.4,40.4,50.7,47.4,"35,797",9.6,32%,2017
201-250,Royal Valemont University,Kazakhstan,40.9,37.4,45.1,43.9,43.9,42.9,"15,502",18.8,36%,2017
=84,Royal Westbury University,Canada,77.8,54.8,67.2,46.6,56.1,63.0,"31,133",22.2,27%,2017
=89,Royal Yarrow University,Australia,65.5,61.6,52.7,67.3,75.6,62.2,"9,758",16.9,8%,2017
121,South Aldermoor University,France,51.6,53.2,60.3,61.3,52.9,57.3,"30,521",9.7,34%,2017
251-300,South Ashford University,United Kingdom,30.2,49.4,43.1,29.7,21.8,35.2,"47,002",11.9,17%,2017
=80,South Brightwater University,Kazakhstan,54.0,65.3,64.6,70.1,67.7,63.2,"48,848",26.5,3%,2017
251-300,South Caldera University,United States,33.3,46.9,35.0,23.1,40.7,31.9,"42,885",6.8,14%,2017
=126,SOUTH CLEARWATER UNIVERSITY,Australia,62.2,53.5,64.8,42.1,65.2,56.4,"45,500",23.0,16%,2017
251-300,South Deepwell University,France,34.1,31.4,37.7,34.4,40.1,35.2,"6,563",30.0,14%,2017
143,South Eastvale University,Canada,57.8,55.6,45.6,56.2,64.8,53.7,"22,719",6.2,37%,2017
201-250,SOUTH ELMSTEAD UNIVERSITY,Kazakhstan,52.5,23.1,31.9,47.4,-,42.5,"39,714",9.9,35%,2017
251-300,South Fairhaven University,Kazakhstan,49.1,24.7,36.9,32.3,34.6,38.2,"47,533",22.2,32%,2017
=53,South Foxhill University,United Kingdom,77.1,53.6,60.6,71.0,64.8,68.3,"37,244",7.4,8%,2017
=88,South Glenrock University,Japan,61.3,39.3,67.9,63.2,60.1,62.2,"50,199",20.2,37%,2017
180,South Greystone University,Kazakhstan,55.3,37.5,42.6,52.1,47.3,49.0,"18,073",22.4,31%,2017
=67,South Highgate University,Canada,59.4,86.2,60.1,72.0,83.5,66.0,"11,551",20.1,10%,2017
251-300,South Hollowmere University,Japan,45.9,47.9,36.0,28.1,52.9,37.9,"7,939",14.8,30%,2017
=177,South Ironbridge University,Kazakhstan,48.9,63.3,35.9,59.4,55.5,49.4,"35,450",22.7,23%,2017
82,South Kingsport University,Kazakhstan,61.1,64.9,58.7,69.9,52.2,63.1,"41,121",20.3,21%,2017
201-250,South Marlow University,United Kingdom,39.3,51.5,44.6,50.5,44.3,45.3,"19,036",11.0,7%,2017
=105,South Northfield University,Canada,61.4,52.9,60.5,57.1,62.7,59.2,"48,941",19.5,24%,2017
118,South Oakridge University,Australia,61.7,48.4,59.2,55.8,47.1,57.8,"44,286",27.2,6%,2017
=131,South Queensbury University,United Kingdom,47.6,54.4,62.3,56.6,69.2,55.8,"23,539",22.0,9%,2017
14,South Riverton University,United States,76.1,73.1,76.2,85.4,68.5,78.5,"16,252",17.3,8%,2017
251-300,South Stonebrook University,France,37.3,44.8,23.1,32.1,42.1,32.2,"46,400",13.7,43%,2017
251-300,South Upton University,United Kingdom,20.0,24.4,26.0,21.3,28.5,22.8,"40,158",8.1,14%,2017
12,South Valemont University,United States,77.2,77.6,84.9,82.8,75.6,81.2,"12,849",11.9,17%,2017
1,South Westbury University,United Kingdom,96.9,85.0,96.0,96.6,100.0,95.7,"17,621",6.3,16%,2017
=170,State Aldermoor University,Kazakhstan,58.7,40.9,55.2,39.2,44.1,50.1,"30,119",29.7,41%,2017
251-300,State Ashford University,United States,40.7,26.0,19.5,27.9,-,29.2,"32,506",11.3,26%,2017
=106,State Brightwater University,Japan,56.0,53.1,69.0,55.1,45.5,59.2,"12,137",25.6,42%,2017
172,State Caldera University,France,58.3,43.7,41.3,51.8,49.7,50.0,"56,406",10.0,15%,2017
=168,State Deepwell University,Canada,41.6,49.2,56.4,52.7,54.8,50.3,"24,721",12.8,7%,2017
251-300,State Dunmore University,Australia,39.0,45.8,27.2,35.8,48.4,35.2,"24,530",16.0,26%,2017
45,State Eastvale University,Japan,74.1,68.8,56.5,78.2,66.8,69.5,"6,487",13.8,17%,2017
=63,State Elmstead University,Kazakhstan,69.9,73.6,75.1,53.9,73.2,67.1,"52,643",25.2,36%,2017
251-300,State Fairhaven University,United Kingdom,35.0,39.9,29.9,26.2,32.2,31.1,"16,555",29.0,40%,2017
46,State Glenrock University,France,71.7,57.8,73.1,66.0,66.6,69.2,"57,685",27.0,22%,2017
5,State Greystone University,Kazakhstan,88.5,100.0,88.0,93.4,100.0,90.9,"31,009",9.7,44%,2017
=125,State Hollowmere University,France,66.0,57.8,55.4,47.9,58.6,56.6,"54,265",24.6,26%,2017
=159,State Juniper University,Canada,54.4,55.4,61.1,37.6,49.7,51.3,"13,360",9.6,14%,2017
201-250,State Kingsport University,United States,49.4,53.4,51.6,36.0,48.1,46.3,"12,688",27.9,23%,2017
=94,State Marlow University,Australia,68.2,59.6,48.6,66.6,59.5,61.0,"47,457",18.4,4%,2017
251-300,STATE NORTHFIELD UNIVERSITY,Australia,8.4,15.8,23.2,21.5,35.5,18.0,"48,675",14.1,37%,2017
98,State Oakridge University,Kazakhstan,62.7,55.2,64.1,55.3,-,60.2,"34,526",9.8,6%,2017
201-250,State Pinecrest University,Kazakhstan,21.7,36.5,55.6,56.4,51.0,44.1,"4,964",6.3,15%,2017
29,State Queensbury University,Canada,67.9,88.6,70.0,76.9,83.0,73.2,"56,445",12.0,26%,2017
=141,State Riverton University,France,57.4,62.8,47.4,56.3,57.1,54.5,"26,139",27.9,4%,2017
13,State Stonebrook University,Kazakhstan,84.4,77.6,75.7,77.0,75.3,78.8,"57,855",25.1,5%,2017
251-300,State Thornbury University,Canada,27.0,42.9,33.8,42.7,29.5,35.0,"53,759",29.3,32%,2017
97,State Upton University,Germany,58.4,57.7,53.4,69.7,66.2,60.4,"50,278",8.4,5%,2017
=101,State Yarrow University,Canada,73.4,50.5,54.3,54.0,-,59.8,"41,850",20.2,23%,2017
201-250,Stonebrook Institute of Technology,Japan,39.5,48.6,39.5,44.8,43.6,41.9,"40,710",12.2,17%,2017
59,Technical Aldermoor University,Kazakhstan,78.4,61.8,65.0,61.8,51.3,67.5,"34,162",19.0,12%,2017
18,Technical Clearwater University,Canada,72.3,87.7,79.6,76.7,-,77.1,"4,484",13.7,10%,2017
192,Technical Deepwell University,France,55.0,42.1,49.5,40.3,45.7,47.8,"25,583",12.8,35%,2017
251-300,Technical Dunmore University,Australia,41.3,37.9,25.5,34.8,24.5,34.0,"45,887",19.8,43%,2017
=167,Technical Elmstead University,Kazakhstan,54.9,52.7,52.4,43.4,46.8,50.3,"48,890",10.4,8%,2017
251-300,  Technical Fairhaven University ,Germany,31.7,51.0,31.1,50.0,52.9,39.0,"35,447",17.3,43%,2017
=182,Technical Glenrock University,Germany,51.4,44.7,38.7,57.4,50.8,48.9,"43,771",21.6,28%,2017
=165,Technical Highgate University,United Kingdom,52.3,51.7,43.9,54.5,59.5,50.6,"4,352",9.1,30%,2017
251-300,Technical Hollowmere University,Germany,18.0,26.7,20.9,29.8,39.2,23.6,"29,676",28.3,33%,2017
251-300,Technical Ironbridge University,Australia,31.4,19.0,20.9,26.4,51.6,26.3,"32,825",18.1,32%,2017
72,Technical Kingsport University,Australia,58.5,67.3,64.9,70.4,50.7,64.4,"53,434",25.7,37%,2017
156,Technical Lakeside University,Australia,57.1,52.7,53.1,45.4,43.4,51.7,"20,108",21.7,23%,2017
251-300,Technical Marlow University,Germany,16.1,22.3,4.5,18.3,13.9,13.7,"16,099",23.0,25%,2017
=55,Technical Northfield University,Kazakhstan,65.4,75.3,66.2,71.1,59.1,67.9,"22,628",23.2,16%,2017
113,Technical Oakridge University,France,58.5,69.7,58.8,55.8,49.9,58.4,"12,679",27.0,7%,2017
201-250,Technical Pinecrest University,United States,46.3,43.2,50.0,40.5,43.6,45.4,"35,279",20.7,31%,2017
251-300,Technical Queensbury University,Canada,42.9,37.2,34.6,24.5,26.3,34.1,"40,096",12.7,3%,2017
=115,Technical Riverton University,France,61.1,60.1,55.6,56.6,69.2,58.2,"49,856",8.4,14%,2017
=171,Technical Stonebrook University,Kazakhstan,54.7,59.8,48.0,44.2,60.1,50.1,"58,713",20.6,6%,2017
2,Technical Upton University,Kazakhstan,99.7,87.6,88.9,92.6,94.5,93.3,"7,285",7.6,10%,2017
54,Technical Valemont University,Kazakhstan,58.2,73.9,69.9,75.0,64.7,68.1,"16,819",11.8,29%,2017
=123,Technical Westbury University,Germany,50.2,64.2,45.4,72.6,64.9,56.9,"20,670",7.5,29%,2017
=160,Thornbury Institute of Technology,Kazakhstan,58.9,52.1,54.9,39.9,47.2,51.2,"17,140",19.2,20%,2017
24,University of Ashford,Australia,73.6,75.4,77.4,75.3,85.9,75.7,"49,927",9.8,6%,2017
91,University of Bellmont,Japan,52.9,45.8,61.6,74.5,66.0,61.8,"10,917",20.6,21%,2017
28,University of Brightwater,France,76.7,56.9,79.1,69.8,58.7,73.4,"4,556",25.0,17%,2017
193,University of Clearwater,Australia,53.0,54.4,37.8,50.7,40.5,47.6,"53,579",25.7,33%,2017
201-250,University of Deepwell,France,52.0,49.5,46.8,31.0,34.0,43.5,"56,338",13.4,27%,2017
186,University of Elmstead,Germany,55.7,50.5,37.0,51.5,48.6,48.3,"16,208",19.2,23%,2017
=140,University of Fairhaven,United States,56.3,55.3,49.8,56.4,65.4,54.5,"21,922",19.5,23%,2017
9,University of Foxhill,Australia,81.2,79.3,88.6,82.5,75.0,83.5,"30,854",17.3,44%,2017
201-250,University of Glenrock,Germany,47.1,66.8,42.8,37.5,66.9,44.9,"32,077",21.7,35%,2017
179,University of Greystone,Kazakhstan,43.6,54.8,46.6,55.6,48.6,49.1,"59,582",11.0,23%,2017
=79,University of Highgate,Canada,66.9,62.8,54.3,69.2,66.0,63.5,"25,565",29.5,23%,2017
185,University of Ironbridge,Australia,62.7,47.1,39.6,44.0,45.0,48.5,"3,742",8.4,3%,2017
=38,University of Kingsport,France,85.2,66.2,69.2,61.3,-,71.2,"26,706",25.9,43%,2017
251-300,University of Lakeside,France,30.2,1.9,16.8,2.7,21.2,15.5,"34,931",20.3,16%,2017
201-250,University of Northfield,Kazakhstan,43.8,47.1,45.8,43.8,46.2,44.7,"33,331",11.9,13%,2017
201-250,University of Queensbury,Australia,46.2,50.7,50.2,39.8,29.7,45.4,"33,045",23.9,45%,2017
251-300,University of Stonebrook,Australia,26.2,9.3,21.4,7.6,18.6,17.7,"55,245",8.0,33%,2017
201-250,University of Thornbury,Canada,41.1,33.4,40.7,41.2,40.7,40.4,"49,255",24.6,4%,2017
201-250,University of Upton,Australia,44.4,29.8,51.5,36.3,37.5,42.8,"17,809",20.2,5%,2017
=176,University of Valemont,Australia,60.9,45.8,44.6,43.9,47.4,49.4,"23,527",8.7,3%,2017
=42,University of Yarrow,United Kingdom,72.2,75.8,71.7,66.4,69.1,70.5,"41,420",7.9,28%,2017
142,Upton Institute of Technology,Kazakhstan,46.6,34.9,60.7,59.0,52.3,53.8,"26,902",24.0,5%,2017
201-250,West Aldermoor University,United Kingdom,37.8,45.4,47.7,46.1,36.5,43.8,"27,506",13.0,42%,2017
=151,WEST BELLMONT UNIVERSITY,Germany,60.4,61.3,40.1,55.4,58.7,52.8,"12,438",27.3,42%,2017
36,West Brightwater University,Kazakhstan,70.3,69.6,67.2,76.9,80.3,71.5,"17,271",24.3,25%,2017
201-250,West Clearwater University,Kazakhstan,44.6,20.5,52.1,31.5,36.0,40.9,"45,452",22.8,29%,2017
201-250,West Deepwell University,Canada,47.8,35.4,47.7,44.1,38.7,45.5,"52,046",12.7,15%,2017
77,West Eastvale University,Japan,60.9,72.1,64.7,62.7,65.7,63.6,"47,786",23.0,5%,2017
162,West Elmstead University,Japan,57.1,32.0,52.7,47.8,57.9,51.1,"20,698",28.8,34%,2017
68,West Fairhaven University,Canada,70.3,60.1,62.3,66.7,61.1,65.8,"10,604",8.2,6%,2017
=152,West Foxhill University,Japan,49.0,45.0,61.2,49.5,58.2,52.8,"12,023",13.8,6%,2017
32,West Glenrock University,Canada,76.0,74.2,66.4,72.9,74.6,72.0,"25,003",11.6,15%,2017
251-300,West Greystone University,Kazakhstan,34.1,35.9,39.3,43.6,49.8,39.0,"32,878",15.4,3%,2017
201-250,West Highgate University,Australia,40.3,58.1,59.2,34.1,70.1,46.2,"53,548",23.8,21%,2017
178,West Ironbridge University,United Kingdom,42.8,54.3,46.3,57.5,44.6,49.2,"54,533",17.4,32%,2017
251-300,West Juniper University,Germany,31.1,52.4,41.1,8.3,36.1,29.0,"3,228",19.7,36%,2017
251-300,West Kingsport University,Australia,33.8,31.4,58.6,26.0,29.4,38.6,"43,432",13.5,28%,2017
87,West Lakeside University,Canada,63.4,69.6,48.9,74.1,63.5,62.7,"20,335",9.4,38%,2017
190,West Marlow University,Kazakhstan,48.6,37.4,50.9,47.4,-,48.0,"14,187",12.4,19%,2017
251-300,West Northfield University,Germany,42.1,50.2,31.1,25.8,27.9,34.2,"34,456",26.6,38%,2017
=146,West Oakridge University,Kazakhstan,54.7,46.5,61.0,45.8,54.1,53.3,"4,982",20.5,24%,2017
20,West Pinecrest University,United States,76.2,69.8,76.8,79.0,66.5,76.5,"22,604",15.1,12%,2017
251-300,West Queensbury University,Kazakhstan,20.1,20.0,23.7,6.2,19.6,17.0,"34,734",25.0,43%,2017
251-300,West Riverton University,Canada,35.7,18.9,41.7,40.3,30.7,37.5,"18,175",7.5,14%,2017
251-300,  West Thornbury University ,Japan,23.3,42.0,42.3,45.3,31.6,37.2,"36,290",12.1,3%,2017
21,West Upton University,France,75.3,82.0,85.3,66.7,78.4,76.3,"28,995",11.5,12%,2017
=189,West Valemont University,Canada,42.5,60.0,41.3,56.3,66.1,48.2,"48,966",29.6,18%,2017
=61,West Westbury University,Japan,68.1,52.4,79.3,57.3,70.7,67.1,"13,725",22.9,17%,2017
201-250,West Yarrow University,Japan,34.9,39.5,40.1,48.8,53.4,41.4,"6,155",20.8,25%,2017
201-250,Westbury Institute of Technology,Kazakhstan,44.7,42.7,46.1,42.7,41.6,44.3,"33,335",6.1,40%,2017
117,Yarrow Institute of Technology,Kazakhstan,72.9,47.2,52.9,50.2,67.4,58.0,"17,442",10.4,15%,2017
=113,Aldermoor Institute of Technology,Canada,64.3,60.4,53.3,55.9,57.3,58.0,"39,173",19.8,29%,2018
135,Ashford Institute of Technology,Japan,59.6,48.6,59.2,50.8,42.6,55.6,"7,738",8.2,18%,2018
251-300,Caldera Institute of Technology,Australia,26.7,32.3,30.9,29.3,39.1,29.5,"26,323",26.3,42%,2018
55,Central Aldermoor University,Canada,69.5,64.4,69.0,69.3,55.6,68.5,"50,923",10.2,35%,2018
=154,Central Ashford University,Germany,44.2,45.9,60.9,52.6,-,52.1,"47,419",24.4,21%,2018
201-250,Central Caldera University,Australia,52.5,53.4,53.5,31.0,44.4,46.2,"39,396",14.7,34%,2018
201-250,Central Clearwater University,Japan,45.7,40.9,46.7,43.5,32.2,44.6,"54,533",24.8,44%,2018
199,Central Deepwell University,United States,32.2,52.6,64.2,42.5,42.6,46.7,"48,168",11.0,22%,2018
136,Central Dunmore University,Japan,42.8,70.0,61.4,58.4,53.3,55.3,"40,865",10.5,30%,2018
=160,Central Elmstead University,France,63.0,46.3,47.3,45.1,43.3,51.2,"52,687",17.9,42%,2018
=73,Central Fairhaven University,Australia,66.7,67.5,61.5,64.1,59.8,64.2,"9,897",6.8,13%,2018
=169,Central Glenrock University,Australia,50.1,66.3,61.4,35.2,50.7,50.3,"48,817",11.4,40%,2018
37,Central Greystone University,United Kingdom,57.5,76.1,73.4,83.2,58.9,71.4,"19,497",23.4,6%,2018
201-250,Central Highgate University,Australia,49.1,40.0,42.0,41.1,46.4,43.8,"45,866",26.1,30%,2018
251-300,Central Hollowmere University,United Kingdom,42.4,28.6,48.5,30.4,19.8,39.1,"53,523",7.9,36%,2018
36,CENTRAL IRONBRIDGE UNIVERSITY,Canada,82.2,65.8,71.3,63.3,64.2,71.6,"31,476",27.2,28%,2018
158,  Central Juniper University ,Canada,53.4,55.1,43.9,56.7,43.9,51.4,"7,843",25.1,23%,2018
34,Central Lakeside University,Germany,70.0,61.1,77.7,71.4,-,71.9,"24,258",26.9,29%,2018
115,Central Marlow University,United States,52.7,63.5,59.3,58.7,77.9,57.9,"25,756",22.8,9%,2018
180,Central Northfield University,Kazakhstan,51.6,42.0,50.4,46.3,53.9,49.0,"54,892",22.2,11%,2018
=75,Central Oakridge University,Germany,58.3,59.9,63.7,71.7,61.7,64.1,"56,078",18.6,14%,2018
12,Central Queensbury University,United Kingdom,74.0,85.0,75.6,88.8,70.2,79.7,"34,457",21.7,28%,2018
6,Central Riverton University,United Kingdom,95.0,98.6,84.2,78.9,79.1,86.8,"55,562",28.1,21%,2018
=66,  Central Stonebrook University ,Germany,73.7,45.0,72.9,56.6,59.7,65.8,"28,510",8.4,13%,2018
=125,Central Thornbury University,United Kingdom,66.1,65.4,59.1,43.8,54.1,57.0,"26,491",13.6,40%,2018
44,Central Upton University,Japan,64.6,73.2,68.3,76.2,78.7,70.2,"49,300",7.7,18%,2018
201-250,Clearwater Institute of Technology,Germany,50.9,46.3,40.6,28.6,33.3,40.3,"40,930",28.7,21%,2018
81,Deepwell Institute of Technology,United States,65.3,63.2,58.6,66.4,59.3,63.3,"32,233",16.7,20%,2018
=133,Dunmore Institute of Technology,United States,59.7,56.9,49.2,59.6,53.4,56.1,"29,642",22.2,10%,2018
=76,  East Aldermoor University ,Japan,67.3,55.8,50.4,77.2,56.9,64.1,"43,143",26.2,33%,2018
201-250,East Ashford University,United States,46.5,50.8,50.2,29.1,34.3,42.4,"46,208",29.8,21%,2018
251-300,East Bellmont University,Canada,36.3,25.8,15.2,26.5,27.4,26.0,"31,222",9.9,3%,2018
251-300,East Brightwater University,United States,30.0,35.3,28.3,40.1,23.9,32.8,"4,896",25.2,43%,2018
201-250,East Caldera University,United Kingdom,42.5,37.6,36.8,48.4,28.8,41.9,"8,558",27.3,37%,2018
201-250,East Clearwater University,United Kingdom,37.2,47.7,54.3,40.6,50.9,44.5,"11,122",7.2,33%,2018
=186,East Deepwell University,Germany,51.4,40.5,43.9,50.8,52.7,48.2,"28,626",24.1,39%,2018
9,East Dunmore University,Canada,78.5,84.8,92.5,83.6,83.5,84.8,"38,051",14.5,41%,2018
40,East Eastvale University,Germany,61.3,82.9,79.3,68.9,66.8,70.7,"48,815",21.6,17%,2018
201-250,East Elmstead University,United States,56.4,40.7,51.0,31.0,43.4,45.7,"15,823",18.3,28%,2018
86,East Fairhaven University,Australia,75.7,60.5,50.7,62.1,-,62.7,"48,657",12.2,28%,2018
201-250,East Foxhill University,France,57.6,38.9,47.8,36.4,42.1,46.5,"39,843",9.2,13%,2018
=146,East Glenrock University,Canada,53.6,47.2,54.8,53.4,49.3,53.3,"5,854",8.8,12%,2018
=112,East Greystone University,France,67.9,45.6,45.3,62.9,71.8,58.0,"23,472",8.5,7%,2018
=68,East Highgate University,Australia,67.1,57.8,66.1,63.9,52.7,64.8,"20,072",21.3,30%,2018
201-250,East Hollowmere University,United Kingdom,52.4,46.3,45.8,30.2,52.8,43.3,"54,008",14.4,36%,2018
33,East Ironbridge University,Australia,64.5,82.0,73.8,77.0,54.0,72.1,"56,726",11.2,35%,2018
201-250,East Juniper University,United States,42.4,61.3,41.4,42.7,41.4,43.6,"48,322",22.6,16%,2018
=148,East Kingsport University,United Kingdom,54.4,48.2,57.4,48.4,65.3,53.3,"33,103",22.5,11%,2018
4,  East Marlow University ,Japan,81.5,100.0,99.0,88.1,96.3,90.5,"31,172",18.9,22%,2018
=99,East Northfield University,France,62.3,60.9,71.5,47.7,59.0,60.5,"21,123",28.4,26%,2018
59,East Pinecrest University,Australia,75.8,76.1,52.5,72.2,75.2,67.7,"46,279",15.2,42%,2018
109,East Riverton University,United Kingdom,72.3,57.0,49.7,53.5,56.8,58.4,"7,918",26.1,40%,2018
52,East Stonebrook University,Canada,75.8,61.4,59.5,73.8,59.8,68.8,"18,506",7.8,41%,2018
=192,East Upton University,Germany,56.3,56.1,37.6,47.4,46.3,47.7,"10,936",23.8,39%,2018
=129,East Valemont University,Australia,58.0,54.5,54.1,57.8,49.5,56.3,"31,901",29.7,43%,2018
201-250,East Westbury University,Japan,42.3,29.6,55.3,40.3,42.6,44.6,"19,851",26.3,22%,2018
=93,East Yarrow University,Japan,59.3,49.9,57.4,69.8,53.8,61.0,"13,920",19.9,4%,2018
201-250,Eastvale Institute of Technology,Australia,36.4,50.5,50.3,40.2,35.5,42.8,"24,505",21.0,6%,2018
92,Elmstead Institute of Technology,Canada,60.8,60.3,54.4,70.1,-,61.4,"50,806",14.5,19%,2018
57,Fairhaven Institute of Technology,Kazakhstan,65.8,67.0,69.7,69.2,76.4,68.3,"33,831",22.3,13%,2018
103,Glenrock Institute of Technology,United States,51.5,62.1,73.1,53.8,66.4,59.8,"48,641",24.5,9%,2018
178,Greystone Institute of Technology,Germany,56.9,56.3,47.8,40.8,52.8,49.2,"54,116",30.0,43%,2018
91,Highgate Institute of Technology,Canada,66.2,65.7,65.8,51.9,68.8,61.8,"53,718",17.8,10%,2018
201-250,Hollowmere Institute of Technology,Kazakhstan,38.8,47.0,35.8,41.0,51.7,39.5,"23,291",7.5,43%,2018
23,Ironbridge Institute of Technology,Germany,69.0,80.4,86.6,72.5,72.9,76.2,"53,926",20.3,35%,2018
251-300,Kingsport Institute of Technology,Japan,39.8,41.2,35.8,31.0,31.3,35.8,"53,305",8.9,30%,2018
=131,Lakeside Institute of Technology,Canada,62.7,53.2,44.7,62.6,50.6,56.3,"58,152",11.9,31%,2018
251-300,Marlow Institute of Technology,Japan,34.6,31.0,28.7,7.9,-,24.2,"23,689",13.9,16%,2018
251-300,National Aldermoor University,Australia,30.0,41.5,20.6,35.5,47.5,30.1,"16,188",23.5,30%,2018
28,National Ashford University,France,66.6,86.1,85.8,65.9,70.5,73.7,"35,506",10.4,10%,2018
77,National Brightwater University,Germany,59.3,71.7,65.9,63.8,65.7,63.7,"55,977",10.0,42%,2018
201-250,National Clearwater University,France,42.7,44.7,41.7,40.3,43.0,41.8,"55,888",7.1,15%,2018
251-300,  National Deepwell University ,Japan,34.1,36.0,29.2,11.9,-,26.1,"35,288",27.0,13%,2018
251-300,National Dunmore University,Canada,21.0,3.8,8.4,15.6,3.9,13.9,"11,528",22.6,33%,2018
134,National Eastvale University,Kazakhstan,57.3,51.7,49.7,61.4,55.4,55.8,"27,869",7.0,30%,2018
2,National Fairhaven University,Japan,95.0,83.1,94.1,92.3,91.9,93.0,"42,683",6.7,21%,2018
108,National Glenrock University,Canada,51.2,56.9,65.9,61.4,49.5,59.0,"34,113",19.4,29%,2018
=168,National Highgate University,Japan,42.6,56.8,48.4,57.4,59.5,50.3,"22,026",12.8,9%,2018
70,National Hollowmere University,Kazakhstan,66.5,67.5,68.2,58.4,66.4,64.7,"22,673",20.3,31%,2018
251-300,National Juniper University,Japan,31.0,45.2,28.7,31.0,21.2,31.1,"6,525",16.4,14%,2018
=164,National Kingsport University,France,47.3,50.2,67.2,36.7,65.0,50.8,"19,203",28.2,14%,2018
=128,National Lakeside University,Canada,61.3,47.1,46.7,63.7,62.2,56.6,"40,265",12.9,9%,2018
=132,National Marlow University,Germany,50.6,49.6,67.7,52.0,52.9,56.1,"16,562",22.3,16%,2018
71,National Northfield University,France,57.0,68.9,77.8,56.3,78.2,64.4,"59,554",7.3,16%,2018
=111,National Oakridge University,France,61.4,61.2,53.5,59.2,58.1,58.3,"7,560",28.9,22%,2018
53,NATIONAL RIVERTON UNIVERSITY,Germany,62.5,75.6,80.2,62.0,64.6,68.7,"35,807",29.5,10%,2018
201-250,National Stonebrook University,Australia,47.2,41.9,52.7,38.7,38.8,45.7,"30,704",23.7,10%,2018
22,National Thornbury University,United Kingdom,69.4,72.4,83.2,77.8,71.8,76.3,"50,525",17.2,25%,2018
32,NATIONAL UPTON UNIVERSITY,Japan,68.9,72.1,79.1,68.8,83.9,72.5,"55,001",11.3,8%,2018
201-250,National Valemont University,United Kingdom,39.5,46.8,39.4,51.1,41.8,43.6,"34,573",25.5,32%,2018
201-250,National Westbury University,Australia,54.1,43.2,42.4,31.5,36.5,42.5,"38,147",23.7,43%,2018
35,National Yarrow University,France,66.8,71.6,77.6,70.2,77.8,71.7,"44,116",11.3,20%,2018
143,North Ashford University,Australia,31.7,49.8,63.9,67.1,51.3,53.8,"33,530",16.8,41%,2018
=43,North Brightwater University,France,56.0,73.9,74.7,80.2,64.5,70.4,"13,660",17.1,6%,2018
201-250,North Caldera University,France,50.4,47.7,40.4,48.4,33.1,46.2,"27,800",25.8,4%,2018
24,North Clearwater University,Kazakhstan,73.6,89.8,78.9,67.3,80.7,74.7,"17,212",22.4,33%,2018
=94,North Deepwell University,United States,59.2,57.1,70.0,57.0,35.0,61.0,"29,510",21.4,35%,2018
=69,North Dunmore University,Canada,68.7,59.3,64.3,63.3,-,64.8,"38,061",21.6,38%,2018
27,North Eastvale University,Japan,57.8,64.3,85.6,81.1,73.3,74.0,"14,777",12.5,4%,2018
173,North Elmstead University,Kazakhstan,53.3,40.6,48.5,49.1,61.6,49.9,"17,142",14.9,35%,2018
251-300,North Fairhaven University,Kazakhstan,50.4,36.8,31.3,35.1,38.6,38.8,"48,413",7.1,18%,2018
201-250,  North Foxhill University ,Japan,41.3,44.0,42.6,47.7,54.8,44.2,"24,401",24.9,15%,2018
137,North Glenrock University,Japan,61.7,72.9,48.6,48.8,60.5,54.7,"13,889",16.4,9%,2018
251-300,North Greystone University,Germany,24.0,32.3,32.9,26.1,31.0,28.1,"44,885",16.5,45%,2018
72,North Highgate University,Germany,55.1,76.3,61.5,72.7,69.8,64.3,"44,669",11.9,5%,2018
201-250,North Hollowmere University,Germany,44.7,50.1,49.3,40.2,46.2,45.2,"51,366",11.0,38%,2018
45,North Ironbridge University,Japan,84.1,72.5,49.7,74.9,80.7,70.1,"45,542",20.1,29%,2018
251-300,North Kingsport University,Kazakhstan,33.2,17.7,11.2,17.1,14.1,20.1,"60,996",11.6,34%,2018
201-250,North Lakeside University,Japan,40.0,43.6,51.8,46.2,47.2,45.9,"35,057",7.5,33%,2018
251-300,North Marlow University,United Kingdom,47.4,44.4,28.6,29.0,41.4,35.9,"18,970",24.4,39%,2018
201-250,North Northfield University,United Kingdom,43.9,27.3,43.5,56.0,45.6,46.2,"52,234",15.0,10%,2018
123,North Oakridge University,Canada,68.3,40.9,47.5,58.4,72.4,57.1,"18,590",15.1,2%,2018
145,North Queensbury University,Japan,52.6,46.0,65.2,45.0,45.2,53.4,"19,820",16.4,28%,2018
149,North Riverton University,Canada,52.5,54.1,51.5,55.9,40.2,53.1,"50,214",25.6,17%,2018
=155,North Stonebrook University,Australia,57.1,55.6,54.9,44.1,44.3,52.1,"52,133",13.7,7%,2018
39,North Thornbury University,France,84.3,60.3,77.9,54.8,59.5,71.1,"22,557",24.2,10%,2018
201-250,NORTH UPTON UNIVERSITY,Australia,44.1,38.8,50.4,41.2,43.1,44.7,"43,611",28.5,16%,2018
67,North Valemont University,Japan,64.0,76.8,64.9,63.8,65.7,65.2,"56,479",21.9,5%,2018
41,North Westbury University,United Kingdom,75.4,73.1,61.4,75.6,57.0,70.6,"48,969",16.4,4%,2018
=130,North Yarrow University,Germany,56.2,64.3,57.8,52.1,67.0,56.3,"3,372",23.9,41%,2018
84,Northfield Institute of Technology,Japan,62.5,73.3,65.1,59.5,54.4,63.0,"40,570",17.0,15%,2018
98,Pacific Aldermoor University,Germany,66.0,64.9,59.4,54.5,69.5,60.6,"12,957",15.9,44%,2018
8,  Pacific Ashford University ,France,85.7,82.1,82.5,86.0,99.3,84.9,"52,602",18.6,43%,2018
102,Pacific Bellmont University,Australia,55.3,57.0,64.5,61.6,56.7,60.1,"6,744",13.6,8%,2018
188,Pacific Brightwater University,Kazakhstan,51.0,52.4,40.9,50.8,51.4,48.0,"58,141",8.5,33%,2018
=151,Pacific Clearwater University,Australia,46.7,44.6,59.0,55.2,45.2,52.8,"12,951",16.0,28%,2018
196,  Pacific Deepwell University ,Kazakhstan,42.2,51.4,42.9,56.8,26.0,47.1,"26,340",9.0,32%,2018
251-300,Pacific Dunmore University,Canada,21.6,16.0,55.8,28.9,31.9,33.9,"15,956",15.9,6%,2018
=200,Pacific Eastvale University,Kazakhstan,50.0,31.6,48.3,45.9,36.3,46.5,"49,561",19.4,10%,2018
157,Pacific Fairhaven University,United Kingdom,47.0,46.1,64.7,46.0,42.0,51.8,"25,705",28.3,5%,2018
=167,Pacific Foxhill University,Canada,46.6,55.9,51.7,49.4,-,50.3,"44,099",6.9,28%,2018
=147,Pacific Glenrock University,Canada,56.4,53.9,47.4,55.6,58.3,53.3,"6,682",20.9,44%,2018
201-250,Pacific Greystone University,United Kingdom,42.6,29.4,50.3,34.3,43.8,41.5,"27,963",17.0,31%,2018
=51,Pacific Highgate University,France,65.7,62.6,78.4,64.5,69.8,69.0,"55,508",6.5,33%,2018
47,Pacific Hollowmere University,Australia,73.4,59.9,69.1,68.0,65.5,69.3,"54,308",12.0,44%,2018
=190,Pacific Ironbridge University,Germany,43.0,74.2,46.6,46.3,62.7,47.9,"14,752",8.8,31%,2018
201-250,Pacific Juniper University,Canada,42.4,57.6,33.3,55.7,43.0,44.8,"25,203",11.2,4%,2018
138,Pacific Marlow University,Canada,55.5,55.8,50.9,55.4,73.6,54.6,"26,414",12.6,39%,2018
101,Pacific Northfield University,United States,58.0,53.2,43.4,81.6,55.8,60.3,"34,401",15.6,18%,2018
251-300,Pacific Pinecrest University,Canada,37.2,24.0,35.5,26.1,26.1,32.1,"34,286",18.7,2%,2018
=150,Pacific Stonebrook University,France,46.5,38.0,62.1,54.8,39.0,52.8,"9,040",6.0,24%,2018
116,Pacific Thornbury University,Australia,65.1,55.3,60.9,49.2,43.5,57.8,"45,606",9.9,42%,2018
201-250,Pacific Upton University,Australia,42.5,32.2,29.0,58.7,43.1,42.6,"15,477",8.2,13%,2018
142,Pacific Westbury University,Canada,40.2,57.5,56.1,64.4,56.1,53.9,"21,153",19.2,23%,2018
251-300,Pacific Yarrow University,United States,14.3,19.6,26.1,29.1,22.8,22.9,"50,041",13.9,9%,2018
17,PINECREST INSTITUTE OF TECHNOLOGY,Australia,74.6,71.9,91.8,68.9,-,77.9,"41,266",19.2,4%,2018
=50,Queensbury Institute of Technology,United States,71.8,72.8,62.2,72.0,71.5,69.0,"25,208",11.3,5%,2018
195,Riverton Institute of Technology,Japan,50.9,54.7,48.4,41.5,32.9,47.2,"53,752",6.6,33%,2018
=60,Royal Ashford University,United States,58.8,65.1,70.6,74.2,53.7,67.3,"24,698",28.6,39%,2018
251-300,Royal Bellmont University,United States,19.7,8.4,19.9,22.9,24.0,20.0,"35,618",8.6,8%,2018
201-250,Royal Brightwater University,Germany,45.2,42.2,41.3,39.7,41.8,42.1,"17,174",9.0,14%,2018
251-300,Royal Clearwater University,France,38.3,43.6,52.4,26.5,39.3,39.4,"13,432",9.5,10%,2018
251-300,Royal Deepwell University,Germany,28.6,47.1,38.8,28.4,40.1,33.3,"31,042",29.6,3%,2018
56,Royal Eastvale University,Kazakhstan,59.4,64.7,74.6,71.4,78.1,68.4,"34,794",20.8,26%,2018
7,  Royal Elmstead University ,France,89.7,73.1,77.3,92.5,88.6,85.5,"47,471",20.6,32%,2018
201-250,Royal Fairhaven University,Japan,46.1,34.2,41.1,41.7,36.0,42.1,"25,375",29.7,30%,2018
251-300,Royal Foxhill University,United Kingdom,37.6,46.3,33.8,30.8,-,35.2,"52,595",8.1,19%,2018
=127,Royal Glenrock University,Canada,40.4,64.6,64.3,63.4,53.9,56.6,"38,111",29.4,26%,2018
18,Royal Greystone University,United Kingdom,65.1,79.1,75.7,91.2,81.6,77.6,"7,096",10.9,6%,2018
251-300,Royal Highgate University,Germany,28.7,47.2,28.0,18.2,37.2,26.9,"43,974",21.0,9%,2018
106,Royal Hollowmere University,Canada,54.7,71.4,58.5,61.1,65.3,59.2,"35,823",16.1,42%,2018
14,Royal Ironbridge University,Germany,79.4,79.4,75.9,79.9,82.1,78.6,"24,853",15.2,35%,2018
251-300,Royal Juniper University,Japan,30.4,36.1,25.0,27.0,37.6,28.3,"30,204",28.3,42%,2018
251-300,Royal Kingsport University,France,32.8,50.0,28.4,16.2,35.1,27.9,"20,082",9.6,41%,2018
201-250,Royal Lakeside University,France,56.4,62.9,36.7,41.9,-,46.5,"37,410",29.9,30%,2018
201-250,Royal Marlow University,United States,42.1,38.9,46.0,43.0,53.4,43.6,"35,921",15.1,42%,2018
82,ROYAL NORTHFIELD UNIVERSITY,Australia,62.8,62.2,59.3,67.6,64.1,63.2,"27,703",21.6,20%,2018
89,Royal Oakridge University,Japan,64.9,70.5,66.4,54.7,39.4,62.1,"19,813",29.2,2%,2018
251-300,Royal Queensbury University,United Kingdom,15.3,20.9,19.9,23.8,41.2,20.3,"26,017",7.4,5%,2018
=95,Royal Riverton University,Germany,68.4,51.7,56.5,60.3,61.9,61.0,"31,207",28.1,7%,2018
=198,Royal Stonebrook University,United Kingdom,47.7,43.8,45.2,49.7,32.8,46.9,"30,501",19.6,6%,2018
=19,Royal Thornbury University,Canada,74.2,79.4,85.9,71.4,72.0,77.2,"20,311",22.9,17%,2018
187,Royal Upton University,France,54.7,48.5,47.4,42.0,49.3,48.1,"36,114",9.6,32%,2018
201-250,Royal Valemont University,Kazakhstan,38.7,40.3,44.2,43.1,42.1,41.9,"15,648",18.8,36%,2018
90,Royal Westbury University,Canada,77.6,56.2,64.8,45.1,56.3,61.9,"31,752",22.2,27%,2018
=79,Royal Yarrow University,Australia,65.9,61.5,52.9,71.0,75.3,63.4,"9,710",16.9,8%,2018
=124,South Aldermoor University,France,48.8,53.9,61.5,61.8,54.2,57.0,"29,097",9.7,34%,2018
251-300,South Ashford University,United Kingdom,29.6,46.3,41.1,26.0,20.2,33.0,"48,670",11.9,17%,2018
88,South Brightwater University,Kazakhstan,52.6,62.9,63.3,70.0,67.2,62.2,"48,721",26.5,3%,2018
251-300,South Caldera University,United States,34.8,44.5,37.7,21.1,39.0,32.4,"43,598",6.8,14%,2018
=110,South Clearwater University,Australia,62.4,54.9,68.3,44.8,62.3,58.3,"44,969",23.0,16%,2018
251-300,South Deepwell University,France,33.0,30.3,35.9,33.8,39.1,34.1,"6,697",30.0,14%,2018
156,South Eastvale University,Canada,56.6,52.7,43.6,54.7,61.0,52.0,"22,780",6.2,37%,2018
201-250,South Elmstead University,Kazakhstan,51.1,23.1,32.7,47.7,50.8,42.4,"41,470",9.9,35%,2018
201-250,South Fairhaven University,Kazakhstan,50.2,25.0,39.4,33.6,32.7,39.6,"48,955",22.2,32%,2018
=61,South Foxhill University,United Kingdom,76.7,50.5,58.7,71.0,63.4,67.3,"36,450",7.4,8%,2018
=80,South Glenrock University,Japan,61.3,38.9,70.5,64.9,60.1,63.4,"52,287",20.2,37%,2018
171,South Greystone University,Kazakhstan,57.1,36.9,44.2,52.6,-,50.1,"18,551",22.4,31%,2018
=74,South Highgate University,Canada,57.5,84.4,58.7,70.0,79.6,64.2,"11,898",20.1,10%,2018
251-300,South Hollowmere University,Japan,42.8,48.3,37.4,28.8,54.9,37.7,"7,927",14.8,30%,2018
183,South Ironbridge University,Kazakhstan,49.2,61.3,33.9,58.6,54.0,48.5,"36,879",22.7,23%,2018
87,South Kingsport University,Kazakhstan,59.9,61.8,59.8,69.3,53.0,62.6,"41,112",20.3,21%,2018
201-250,South Marlow University,United Kingdom,38.1,51.4,42.0,45.4,-,42.6,"18,956",11.0,7%,2018
107,South Northfield University,Canada,62.5,53.9,59.6,56.3,63.5,59.1,"48,779",19.5,24%,2018
=120,South Oakridge University,Australia,63.3,50.8,56.8,54.5,49.0,57.4,"45,282",27.2,6%,2018
=126,  South Queensbury University ,United Kingdom,46.9,54.9,64.3,59.3,68.1,57.0,"24,135",22.0,9%,2018
=20,South Riverton University,United States,75.9,70.5,75.3,82.8,68.8,77.2,"16,420",17.3,8%,2018
251-300,South Stonebrook University,France,36.1,44.4,22.4,31.2,42.0,31.3,"46,605",13.7,43%,2018
251-300,  South Upton University ,United Kingdom,23.5,24.4,27.1,22.4,30.2,24.5,"41,001",8.1,14%,2018
11,South Valemont University,United States,78.5,77.9,83.8,80.4,74.7,80.5,"12,783",11.9,17%,2018
1,South Westbury University,United Kingdom,96.8,84.8,95.4,97.2,100.0,95.7,"17,293",6.3,16%,2018
177,State Aldermoor University,Kazakhstan,58.8,39.7,55.0,37.5,43.1,49.4,"31,146",29.7,41%,2018
251-300,State Ashford University,United States,38.1,30.0,19.5,28.5,30.1,28.8,"32,106",11.3,26%,2018
=121,State Brightwater University,Japan,53.6,52.6,65.0,55.7,43.0,57.3,"12,615",25.6,42%,2018
174,State Caldera University,France,56.8,44.3,41.9,52.0,46.5,49.7,"56,021",10.0,15%,2018
=175,State Deepwell University,Canada,42.3,50.9,53.5,52.2,52.6,49.5,"24,727",12.8,7%,2018
251-300,State Dunmore University,Australia,38.4,45.9,26.4,35.1,45.8,34.5,"24,731",16.0,26%,2018
49,State Eastvale University,Japan,73.9,69.8,55.8,77.6,66.5,69.1,"6,264",13.8,17%,2018
58,State Elmstead University,Kazakhstan,69.9,74.5,77.1,55.4,71.6,68.1,"53,634",25.2,36%,2018
251-300,State Fairhaven University,United Kingdom,34.5,41.2,28.5,25.4,33.2,30.5,"16,161",29.0,40%,2018
54,State Glenrock University,France,71.9,57.2,70.9,66.2,-,68.6,"59,901",27.0,22%,2018
5,State Greystone University,Kazakhstan,87.8,99.5,86.9,91.4,-,89.7,"31,866",9.7,44%,2018
=122,State Hollowmere University,France,67.2,59.5,56.2,47.7,59.3,57.3,"53,295",24.6,26%,2018
159,State Juniper University,Canada,54.6,58.8,59.7,37.8,49.5,51.3,"12,965",9.6,14%,2018
184,State Kingsport University,United States,51.4,55.3,55.2,36.4,49.6,48.3,"12,511",27.9,23%,2018
=104,State Marlow University,Australia,65.7,61.2,45.7,66.1,58.0,59.3,"48,489",18.4,4%,2018
251-300,State Northfield University,Australia,5.5,13.7,20.9,21.9,33.5,16.3,"50,914",14.1,37%,2018
=105,State Oakridge University,Kazakhstan,62.9,55.6,63.2,53.1,53.9,59.3,"33,248",9.8,6%,2018
201-250,State Pinecrest University,Kazakhstan,23.7,38.4,56.4,57.1,49.2,45.3,"4,747",6.3,15%,2018
25,State Queensbury University,Canada,68.2,91.3,71.4,78.2,84.3,74.3,"57,377",12.0,26%,2018
140,State Riverton University,France,56.0,62.1,48.3,55.9,58.1,54.2,"25,428",27.9,4%,2018
13,  State Stonebrook University ,Kazakhstan,84.8,75.6,76.0,77.3,73.5,78.9,"56,412",25.1,5%,2018
251-300,State Thornbury University,Canada,25.7,44.9,29.9,40.8,28.3,33.0,"52,540",29.3,32%,2018
=100,State Upton University,Germany,60.0,57.7,53.3,68.5,-,60.5,"52,230",8.4,5%,2018
96,State Yarrow University,Canada,72.7,55.0,56.8,54.6,60.7,60.9,"42,064",20.2,23%,2018
201-250,Stonebrook Institute of Technology,Japan,38.5,49.3,41.1,44.4,45.3,42.1,"41,339",12.2,17%,2018
63,Technical Aldermoor University,Kazakhstan,76.7,60.0,64.5,62.5,50.5,66.9,"33,217",19.0,12%,2018
26,Technical Clearwater University,Canada,70.8,86.0,75.7,72.8,-,74.2,"4,445",13.7,10%,2018
201-250,Technical Deepwell University,France,55.2,44.1,46.3,38.2,45.9,46.4,"24,803",12.8,35%,2018
251-300,Technical Dunmore University,Australia,40.8,39.1,27.4,34.1,26.1,34.3,"45,745",19.8,43%,2018
=176,Technical Elmstead University,Kazakhstan,54.7,51.5,50.1,43.2,47.2,49.5,"48,720",10.4,8%,2018
201-250,Technical Fairhaven University,Germany,33.1,49.1,30.7,51.1,51.8,39.5,"35,143",17.3,43%,2018
181,Technical Glenrock University,Germany,48.6,46.0,39.5,58.8,-,48.9,"44,350",21.6,28%,2018
170,Technical Highgate University,United Kingdom,52.7,51.8,43.4,53.4,-,50.2,"4,181",9.1,30%,2018
251-300,Technical Hollowmere University,Germany,18.2,26.2,19.6,31.2,41.2,23.7,"30,215",28.3,33%,2018
251-300,Technical Ironbridge University,Australia,27.7,22.3,22.9,25.9,52.6,25.9,"32,477",18.1,32%,2018
=65,Technical Kingsport University,Australia,58.7,69.8,66.5,72.5,51.0,65.8,"53,535",25.7,37%,2018
153,Technical Lakeside University,Australia,56.4,52.3,53.3,47.6,43.1,52.2,"20,930",21.7,23%,2018
251-300,  Technical Marlow University ,Germany,16.6,22.2,3.0,17.9,15.6,13.3,"15,866",23.0,25%,2018
46,Technical Northfield University,Kazakhstan,64.8,74.7,69.0,74.1,57.0,69.4,"22,668",23.2,16%,2018
=114,Technical Oakridge University,France,58.5,68.5,57.7,55.5,52.7,58.0,"12,510",27.0,7%,2018
201-250,Technical Pinecrest University,United States,48.4,42.8,51.3,39.1,42.8,45.9,"35,529",20.7,31%,2018
251-300,Technical Queensbury University,Canada,40.4,38.0,36.8,25.1,24.2,34.2,"39,600",12.7,3%,2018
117,Technical Riverton University,France,59.5,59.1,53.9,58.2,68.0,57.6,"49,819",8.4,14%,2018
165,Technical Stonebrook University,Kazakhstan,54.6,59.0,48.1,46.2,-,50.5,"59,439",20.6,6%,2018
3,Technical Upton University,Kazakhstan,99.0,84.2,89.6,90.3,94.4,92.3,"7,253",7.6,10%,2018
48,Technical Valemont University,Kazakhstan,59.0,74.9,72.2,75.3,63.5,69.2,"17,599",11.8,29%,2018
=118,Technical Westbury University,Germany,54.5,61.5,42.5,73.6,65.9,57.4,"20,079",7.5,29%,2018
=163,Thornbury Institute of Technology,Kazakhstan,58.5,49.9,55.5,38.7,49.7,50.8,"17,645",19.2,20%,2018
16,University of Ashford,Australia,75.3,74.2,79.1,80.0,85.2,78.0,"50,744",9.8,6%,2018
97,University of Bellmont,Japan,51.6,46.4,59.7,74.3,65.2,60.8,"10,862",20.6,21%,2018
31,University of Brightwater,France,74.9,54.6,79.4,70.1,56.9,72.8,"4,727",25.0,17%,2018
194,University of Clearwater,Australia,52.6,54.1,37.3,51.4,39.3,47.4,"52,313",25.7,33%,2018
201-250,University of Deepwell,France,52.8,51.7,46.3,30.9,-,43.8,"58,784",13.4,27%,2018
=191,University of Elmstead,Germany,55.1,52.7,34.8,52.3,49.4,47.9,"15,582",19.2,23%,2018
144,University of Fairhaven,United States,56.7,53.1,48.5,54.8,65.2,53.6,"21,539",19.5,23%,2018
10,University of Foxhill,Australia,81.0,79.4,88.0,81.4,74.1,82.9,"31,860",17.3,44%,2018
201-250,University of Glenrock,Germany,46.7,65.0,41.9,39.9,66.5,45.1,"33,472",21.7,35%,2018
172,  University of Greystone ,Kazakhstan,43.8,53.2,48.3,56.9,50.5,50.0,"60,892",11.0,23%,2018
78,University of Highgate,Canada,68.4,62.4,53.7,68.5,65.6,63.5,"26,274",29.5,23%,2018
179,University of Ironbridge,Australia,63.7,48.8,41.6,42.3,44.9,49.1,"3,735",8.4,3%,2018
38,University of Kingsport,France,83.5,67.5,69.3,62.6,60.2,71.2,"27,449",25.9,43%,2018
251-300,University of Lakeside,France,31.5,1.6,14.5,1.8,19.4,14.9,"35,114",20.3,16%,2018
201-250,University of Northfield,Kazakhstan,42.6,47.8,49.6,43.4,46.5,45.4,"33,351",11.9,13%,2018
=197,University of Queensbury,Australia,48.2,48.4,50.5,43.2,28.7,46.9,"31,543",23.9,45%,2018
251-300,University of Stonebrook,Australia,25.9,7.4,21.5,6.7,19.7,17.3,"56,732",8.0,33%,2018
251-300,University of Thornbury,Canada,42.3,31.7,39.9,36.9,39.4,39.1,"49,189",24.6,4%,2018
201-250,University of Upton,Australia,42.6,30.5,50.0,34.3,35.3,41.2,"17,049",20.2,5%,2018
166,University of Valemont,Australia,60.9,45.6,46.6,45.1,-,50.4,"23,626",8.7,3%,2018
=42,University of Yarrow,United Kingdom,73.0,74.4,73.1,64.6,66.2,70.4,"40,000",7.9,28%,2018
141,Upton Institute of Technology,Kazakhstan,45.0,34.7,62.8,59.2,52.5,54.0,"26,129",24.0,5%,2018
201-250,West Aldermoor University,United Kingdom,37.7,45.6,51.0,44.5,38.2,44.3,"26,911",13.0,42%,2018
139,West Bellmont University,Germany,59.8,61.9,43.7,57.5,61.9,54.5,"12,326",27.3,42%,2018
29,West Brightwater University,Kazakhstan,70.4,70.2,68.8,81.0,82.2,73.4,"17,955",24.3,25%,2018
201-250,West Clearwater University,Kazakhstan,43.9,20.6,51.5,30.8,35.8,40.3,"45,017",22.8,29%,2018
=193,West Deepwell University,Canada,49.9,36.0,51.7,45.2,36.2,47.7,"51,590",12.7,15%,2018
85,West Eastvale University,Japan,60.0,74.0,62.9,62.4,65.2,62.8,"47,044",23.0,5%,2018
162,West Elmstead University,Japan,58.7,30.7,50.5,48.4,56.0,51.0,"20,441",28.8,34%,2018
64,West Fairhaven University,Canada,69.6,60.5,62.6,69.6,63.7,66.7,"10,744",8.2,6%,2018
=161,West Foxhill University,Japan,44.9,46.5,61.3,47.7,59.0,51.2,"12,444",13.8,6%,2018
30,West Glenrock University,Canada,78.2,72.6,67.5,73.1,76.5,73.0,"24,760",11.6,15%,2018
251-300,West Greystone University,Kazakhstan,32.6,38.0,41.0,42.5,49.5,38.9,"32,372",15.4,3%,2018
201-250,West Highgate University,Australia,42.2,56.5,55.6,35.7,69.8,46.1,"53,014",23.8,21%,2018
=189,West Ironbridge University,United Kingdom,42.4,54.7,45.7,54.3,44.8,47.9,"55,527",17.4,32%,2018
251-300,West Juniper University,Germany,29.8,50.3,37.6,8.6,37.7,27.5,"3,224",19.7,36%,2018
251-300,West Kingsport University,Australia,31.1,34.1,58.3,26.2,30.8,38.0,"42,338",13.5,28%,2018
83,West Lakeside University,Canada,64.3,69.2,49.1,74.5,63.1,63.1,"20,568",9.4,38%,2018
182,West Marlow University,Kazakhstan,49.7,37.2,50.2,49.3,46.5,48.7,"14,012",12.4,19%,2018
251-300,West Northfield University,Germany,40.9,48.2,30.9,26.5,26.4,33.8,"34,811",26.6,38%,2018
152,West Oakridge University,Kazakhstan,54.3,46.9,61.2,43.0,53.4,52.4,"4,985",20.5,24%,2018
15,West Pinecrest University,United States,77.2,69.4,76.8,84.6,63.0,78.4,"22,024",15.1,12%,2018
251-300,West Queensbury University,Kazakhstan,22.3,19.9,25.6,3.5,21.2,17.4,"34,637",25.0,43%,2018
251-300,West Riverton University,Canada,31.7,13.0,40.5,40.7,28.0,35.5,"18,214",7.5,14%,2018
201-250,West Thornbury University,Japan,27.8,43.6,44.3,45.9,33.1,39.5,"37,059",12.1,3%,2018
21,West Upton University,France,76.0,83.5,84.7,67.0,78.4,76.5,"30,081",11.5,12%,2018
=185,West Valemont University,Canada,43.2,62.2,41.7,54.9,62.9,48.2,"47,319",29.6,18%,2018
62,West Westbury University,Japan,67.1,54.7,79.8,57.3,70.1,67.1,"13,384",22.9,17%,2018
201-250,West Yarrow University,Japan,33.9,38.8,43.0,48.7,55.5,42.0,"6,379",20.8,25%,2018
201-250,Westbury Institute of Technology,Kazakhstan,46.2,44.2,46.2,41.2,41.8,44.4,"33,460",6.1,40%,2018
=119,Yarrow Institute of Technology,Kazakhstan,72.0,46.0,52.1,50.3,67.0,57.4,"17,977",10.4,15%,2018
128,Aldermoor Institute of Technology,Canada,62.4,59.4,52.1,54.6,55.4,56.6,"37,013",19.8,29%,2019
=150,Ashford Institute of Technology,Japan,55.6,49.3,58.6,46.2,42.0,52.9,"7,784",8.2,18%,2019
251-300,Caldera Institute of Technology,Australia,27.1,34.8,33.2,29.1,38.9,30.4,"25,290",26.3,42%,2019
57,Central Aldermoor University,Canada,68.9,63.0,67.5,69.3,53.8,67.8,"50,617",10.2,35%,2019
158,Central Ashford University,Germany,46.6,41.9,58.5,51.3,54.8,51.4,"46,859",24.4,21%,2019
201-250,Central Caldera University,Australia,53.0,52.9,51.6,30.9,43.7,45.7,"39,916",14.7,34%,2019
201-250,Central Clearwater University,Japan,47.0,39.1,44.3,43.0,32.0,44.0,"53,971",24.8,44%,2019
=199,Central Deepwell University,United States,31.9,51.4,64.4,43.6,41.8,46.9,"46,980",11.0,22%,2019
134,Central Dunmore University,Japan,42.0,68.8,60.9,59.1,51.8,55.1,"40,911",10.5,30%,2019
=154,Central Elmstead University,France,63.0,45.8,50.1,45.8,43.3,52.2,"53,335",17.9,42%,2019
79,Central Fairhaven University,Australia,68.3,68.5,59.7,61.8,62.3,63.6,"10,047",6.8,13%,2019
172,Central Glenrock University,Australia,51.7,65.6,59.4,35.7,48.1,50.2,"50,209",11.4,40%,2019
35,Central Greystone University,United Kingdom,59.0,77.5,76.0,81.3,59.7,72.2,"20,086",23.4,6%,2019
201-250,Central Highgate University,Australia,47.6,42.1,42.4,40.4,47.1,43.5,"44,038",26.1,30%,2019
251-300,  Central Hollowmere University ,United Kingdom,38.5,27.8,48.7,26.8,20.4,36.8,"56,300",7.9,36%,2019
42,Central Ironbridge University,Canada,81.7,65.6,69.6,61.2,63.8,70.3,"32,072",27.2,28%,2019
173,Central Juniper University,Canada,49.6,52.8,44.5,56.1,42.2,50.1,"8,258",25.1,23%,2019
=25,Central Lakeside University,Germany,72.1,62.8,79.9,74.5,63.2,74.2,"23,735",26.9,29%,2019
108,Central Marlow University,United States,54.8,65.9,63.0,56.4,78.5,59.2,"26,463",22.8,9%,2019
=189,Central Northfield University,Kazakhstan,50.5,43.4,49.1,43.9,52.8,47.6,"57,484",22.2,11%,2019
82,Central Oakridge University,Germany,56.4,60.0,62.7,71.4,59.8,63.1,"56,799",18.6,14%,2019
11,Central Queensbury University,United Kingdom,76.9,84.1,78.9,92.4,72.5,82.6,"35,227",21.7,28%,2019
6,Central Riverton University,United Kingdom,93.1,95.7,83.7,77.2,79.6,85.4,"58,080",28.1,21%,2019
=65,  Central Stonebrook University ,Germany,71.6,45.2,73.2,58.3,-,65.8,"28,544",8.4,13%,2019
131,Central Thornbury University,United Kingdom,64.2,66.3,60.3,41.9,-,56.1,"26,139",13.6,40%,2019
45,Central Upton University,Japan,64.7,72.9,67.9,75.2,78.5,69.8,"50,585",7.7,18%,2019
201-250,Clearwater Institute of Technology,Germany,51.4,44.5,42.1,29.0,31.5,40.9,"41,586",28.7,21%,2019
=71,Deepwell Institute of Technology,United States,67.9,61.5,61.7,66.9,56.7,65.0,"32,125",16.7,20%,2019
127,DUNMORE INSTITUTE OF TECHNOLOGY,United States,61.1,54.7,50.0,59.9,51.4,56.7,"29,677",22.2,10%,2019
=90,East Aldermoor University,Japan,66.5,50.4,50.2,71.8,56.2,61.7,"42,280",26.2,33%,2019
201-250,East Ashford University,United States,47.9,51.3,50.0,31.1,32.8,43.4,"47,170",29.8,21%,2019
251-300,East Bellmont University,Canada,35.7,30.0,20.1,28.3,28.4,28.2,"31,253",9.9,3%,2019
251-300,EAST BRIGHTWATER UNIVERSITY,United States,26.7,36.9,27.9,38.8,24.8,31.4,"4,931",25.2,43%,2019
201-250,East Caldera University,United Kingdom,41.3,34.7,39.0,46.4,31.9,41.4,"8,646",27.3,37%,2019
201-250,East Clearwater University,United Kingdom,35.3,48.5,54.3,41.1,51.8,44.1,"11,511",7.2,33%,2019
184,East Deepwell University,Germany,50.8,39.4,42.1,54.2,50.4,48.3,"29,719",24.1,39%,2019
9,East Dunmore University,Canada,77.4,83.9,92.8,83.1,84.3,84.4,"38,363",14.5,41%,2019
=49,East Eastvale University,Germany,59.2,79.8,77.4,68.5,66.2,69.1,"47,467",21.6,17%,2019
201-250,East Elmstead University,United States,56.1,39.7,47.6,30.6,45.1,44.4,"15,917",18.3,28%,2019
81,East Fairhaven University,Australia,77.9,59.8,50.7,61.7,64.7,63.2,"47,688",12.2,28%,2019
201-250,East Foxhill University,France,55.0,38.9,50.7,32.5,41.8,45.4,"40,520",9.2,13%,2019
146,East Glenrock University,Canada,51.8,49.3,55.8,53.9,46.4,53.3,"5,890",8.8,12%,2019
115,East Greystone University,France,67.7,45.6,45.7,64.3,70.8,58.5,"22,588",8.5,7%,2019
72,East Highgate University,Australia,67.3,57.6,65.3,64.0,53.9,64.6,"20,089",21.3,30%,2019
201-250,East Hollowmere University,United Kingdom,49.4,44.4,43.9,26.9,51.8,40.7,"53,434",14.4,36%,2019
44,East Ironbridge University,Australia,61.5,78.8,72.8,75.3,51.9,70.1,"55,222",11.2,35%,2019
201-250,East Juniper University,United States,44.4,60.1,45.1,45.7,40.0,46.1,"49,390",22.6,16%,2019
=144,East Kingsport University,United Kingdom,55.9,49.6,57.0,47.6,65.3,53.5,"32,388",22.5,11%,2019
5,East Marlow University,Japan,80.8,97.6,93.9,86.0,93.5,87.9,"30,660",18.9,22%,2019
=97,East Northfield University,France,60.3,58.8,71.2,51.9,61.0,61.0,"20,506",28.4,26%,2019
60,East Pinecrest University,Australia,76.2,75.7,53.2,69.2,73.3,67.1,"45,905",15.2,42%,2019
=99,East Riverton University,United Kingdom,72.2,57.1,54.8,56.2,56.7,60.7,"7,975",26.1,40%,2019
=50,East Stonebrook University,Canada,73.7,65.2,63.0,72.4,59.6,69.1,"18,013",7.8,41%,2019
=178,East Upton University,Germany,55.0,55.2,42.0,49.7,47.7,49.4,"10,654",23.8,39%,2019
=124,East Valemont University,Australia,58.3,53.7,54.5,59.3,50.1,56.9,"31,960",29.7,43%,2019
201-250,East Westbury University,Japan,43.7,32.8,56.7,40.1,44.3,45.7,"20,089",26.3,22%,2019
=89,East Yarrow University,Japan,62.8,49.9,56.9,68.9,56.4,61.7,"14,012",19.9,4%,2019
201-250,Eastvale Institute of Technology,Australia,38.0,50.2,50.3,39.1,36.3,42.9,"24,070",21.0,6%,2019
104,Elmstead Institute of Technology,Canada,61.4,60.9,51.7,67.5,49.3,60.0,"50,670",14.5,19%,2019
=55,Fairhaven Institute of Technology,Kazakhstan,65.2,67.3,68.8,69.8,74.9,68.0,"35,060",22.3,13%,2019
91,Glenrock Institute of Technology,United States,53.5,62.9,79.1,51.6,66.1,61.6,"51,186",24.5,9%,2019
169,Greystone Institute of Technology,Germany,57.7,55.5,49.5,42.3,56.7,50.4,"54,215",30.0,43%,2019
=87,Highgate Institute of Technology,Canada,69.3,65.2,63.7,51.3,66.8,61.8,"53,292",17.8,10%,2019
201-250,  Hollowmere Institute of Technology ,Kazakhstan,39.1,46.4,38.0,42.2,51.7,40.6,"22,578",7.5,43%,2019
23,Ironbridge Institute of Technology,Germany,70.4,81.0,86.2,72.1,73.5,76.5,"53,906",20.3,35%,2019
251-300,Kingsport Institute of Technology,Japan,40.5,44.1,36.9,32.0,32.3,36.9,"54,577",8.9,30%,2019
=126,Lakeside Institute of Technology,Canada,60.3,53.9,48.2,63.3,51.1,56.9,"57,919",11.9,31%,2019
251-300,Marlow Institute of Technology,Japan,33.3,31.9,29.9,6.7,19.1,23.8,"23,125",13.9,16%,2019
251-300,National Aldermoor University,Australia,31.3,42.6,20.9,33.5,48.0,30.1,"15,876",23.5,30%,2019
32,National Ashford University,France,67.9,86.1,84.1,64.0,71.9,73.0,"35,332",10.4,10%,2019
=83,National Brightwater University,Germany,60.5,73.9,64.1,60.7,66.7,62.8,"55,181",10.0,42%,2019
201-250,National Clearwater University,France,42.7,44.3,40.1,39.7,44.8,41.2,"54,634",7.1,15%,2019
251-300,National Deepwell University,Japan,33.6,36.2,28.7,11.5,34.2,25.7,"35,880",27.0,13%,2019
251-300,National Dunmore University,Canada,20.7,6.0,3.3,11.6,4.6,11.3,"11,662",22.6,33%,2019
132,National Eastvale University,Kazakhstan,54.3,50.9,53.6,60.0,55.3,55.6,"27,324",7.0,30%,2019
2,National Fairhaven University,Japan,97.1,81.5,96.7,94.8,93.1,95.0,"44,441",6.7,21%,2019
=109,National Glenrock University,Canada,50.5,57.0,66.7,61.1,49.5,59.0,"35,213",19.4,29%,2019
147,National Highgate University,Japan,45.6,57.6,51.3,60.6,60.5,53.1,"22,013",12.8,9%,2019
=73,National Hollowmere University,Kazakhstan,66.0,66.4,68.4,58.4,67.1,64.5,"22,251",20.3,31%,2019
251-300,National Juniper University,Japan,31.7,45.9,30.9,31.4,21.9,32.2,"6,217",16.4,14%,2019
=164,National Kingsport University,France,46.8,51.8,67.5,36.9,-,50.8,"19,622",28.2,14%,2019
=129,National Lakeside University,Canada,60.1,45.8,45.8,65.6,63.2,56.5,"41,026",12.9,9%,2019
135,National Marlow University,Germany,48.8,52.1,66.7,50.3,50.4,54.9,"16,365",22.3,16%,2019
63,National Northfield University,France,61.9,65.0,80.7,56.6,78.3,66.6,"59,637",7.3,16%,2019
107,National Oakridge University,France,62.4,60.7,53.0,62.3,-,59.3,"7,718",28.9,22%,2019
53,National Riverton University,Germany,63.7,77.5,79.7,59.7,64.9,68.4,"36,872",29.5,10%,2019
=187,National Stonebrook University,Australia,49.3,41.7,55.1,41.5,42.2,48.0,"31,267",23.7,10%,2019
20,National Thornbury University,United Kingdom,71.0,73.8,83.2,78.8,74.9,77.3,"50,818",17.2,25%,2019
34,National Upton University,Japan,69.9,72.8,78.3,68.5,85.6,72.6,"52,890",11.3,8%,2019
201-250,National Valemont University,United Kingdom,38.7,43.5,39.2,48.8,42.6,42.3,"34,399",25.5,32%,2019
201-250,National Westbury University,Australia,52.9,43.7,43.3,32.1,38.7,42.7,"38,282",23.7,43%,2019
36,National Yarrow University,France,67.0,71.5,77.2,70.5,80.8,71.8,"41,896",11.3,20%,2019
138,North Ashford University,Australia,34.0,52.8,62.9,67.6,50.3,54.5,"31,960",16.8,41%,2019
51,North Brightwater University,France,55.5,70.5,72.5,78.6,61.8,68.8,"13,764",17.1,6%,2019
=198,North Caldera University,France,49.6,46.9,41.8,50.2,35.9,46.9,"27,013",25.8,4%,2019
29,North Clearwater University,Kazakhstan,73.0,87.2,79.1,64.0,79.2,73.3,"16,481",22.4,33%,2019
=86,North Deepwell University,United States,62.2,56.3,72.8,56.2,-,62.5,"29,641",21.4,35%,2019
=74,North Dunmore University,Canada,66.0,60.2,66.8,62.3,58.2,64.5,"38,219",21.6,38%,2019
24,North Eastvale University,Japan,59.0,64.1,88.1,80.2,73.7,74.8,"15,250",12.5,4%,2019
180,North Elmstead University,Kazakhstan,52.0,39.8,46.5,49.2,62.7,48.9,"17,537",14.9,35%,2019
251-300,North Fairhaven University,Kazakhstan,49.5,35.6,28.9,34.8,35.1,37.5,"48,949",7.1,18%,2019
201-250,North Foxhill University,Japan,40.3,42.8,42.5,47.2,55.5,43.6,"24,111",24.9,15%,2019
133,  North Glenrock University ,Japan,61.5,72.1,49.5,50.0,60.5,55.2,"14,296",16.4,9%,2019
251-300,North Greystone University,Germany,25.3,29.2,33.6,25.8,28.8,28.3,"44,747",16.5,45%,2019
75,North Highgate University,Germany,56.4,75.4,63.5,70.0,68.9,64.4,"43,140",11.9,5%,2019
=194,North Hollowmere University,Germany,48.3,50.6,51.0,41.2,46.1,47.1,"48,829",11.0,38%,2019
37,North Ironbridge University,Japan,86.5,72.0,51.7,76.1,82.0,71.7,"46,532",20.1,29%,2019
251-300,NORTH KINGSPORT UNIVERSITY,Kazakhstan,35.5,19.0,13.8,17.0,13.2,21.7,"59,565",11.6,34%,2019
201-250,North Lakeside University,Japan,40.0,44.5,54.6,44.1,47.1,46.1,"34,703",7.5,33%,2019
251-300,North Marlow University,United Kingdom,48.3,44.3,29.1,30.8,38.6,36.8,"19,582",24.4,39%,2019
201-250,North Northfield University,United Kingdom,44.1,25.6,42.7,54.2,49.9,45.5,"52,226",15.0,10%,2019
136,North Oakridge University,Canada,67.3,43.3,43.1,55.7,71.6,54.8,"17,771",15.1,2%,2019
=159,North Queensbury University,Japan,49.7,49.8,63.3,41.7,46.2,51.3,"20,104",16.4,28%,2019
145,North Riverton University,Canada,50.0,52.0,52.6,58.9,40.0,53.4,"49,176",25.6,17%,2019
=170,North Stonebrook University,Australia,55.8,54.5,54.2,40.6,-,50.3,"53,750",13.7,7%,2019
46,North Thornbury University,France,84.3,59.2,75.0,52.7,63.8,69.6,"22,420",24.2,10%,2019
201-250,North Upton University,Australia,42.8,39.1,49.3,40.8,40.0,43.8,"44,064",28.5,16%,2019
59,North Valemont University,Japan,65.1,76.2,66.9,67.6,67.6,67.3,"55,716",21.9,5%,2019
41,North Westbury University,United Kingdom,75.2,74.1,60.7,76.2,55.3,70.5,"48,011",16.4,4%,2019
117,North Yarrow University,Germany,59.4,67.0,59.6,52.8,66.9,58.2,"3,293",23.9,41%,2019
76,Northfield Institute of Technology,Japan,62.3,72.8,66.6,62.3,53.6,64.2,"41,734",17.0,15%,2019
=110,Pacific Aldermoor University,Germany,64.6,64.6,58.0,52.3,67.7,59.0,"12,599",15.9,44%,2019
7,Pacific Ashford University,France,86.5,82.6,82.8,84.7,99.4,84.9,"51,636",18.6,43%,2019
105,Pacific Bellmont University,Australia,55.7,56.1,63.6,60.9,51.9,59.6,"6,783",13.6,8%,2019
201-250,Pacific Brightwater University,Kazakhstan,48.3,51.8,39.7,48.0,50.7,45.9,"59,984",8.5,33%,2019
=149,Pacific Clearwater University,Australia,44.6,43.1,60.1,57.4,43.0,52.9,"12,980",16.0,28%,2019
191,Pacific Deepwell University,Kazakhstan,42.9,53.6,43.0,56.9,23.8,47.5,"26,707",9.0,32%,2019
251-300,Pacific Dunmore University,Canada,20.7,16.3,54.4,31.5,35.0,34.1,"16,196",15.9,6%,2019
201-250,Pacific Eastvale University,Kazakhstan,51.7,31.6,46.7,44.1,35.2,46.0,"49,924",19.4,10%,2019
=153,Pacific Fairhaven University,United Kingdom,47.2,45.0,63.6,48.4,43.0,52.2,"25,046",28.3,5%,2019
=168,Pacific Foxhill University,Canada,49.2,54.3,50.5,49.0,71.1,50.5,"45,229",6.9,28%,2019
=160,Pacific Glenrock University,Canada,52.5,52.9,45.5,54.8,57.8,51.3,"6,818",20.9,44%,2019
201-250,Pacific Greystone University,United Kingdom,43.8,26.9,49.3,35.3,47.3,41.7,"28,991",17.0,31%,2019
33,Pacific Highgate University,France,68.7,63.4,84.0,68.5,73.9,72.9,"54,366",6.5,33%,2019
47,Pacific Hollowmere University,Australia,72.9,60.0,68.3,69.8,67.5,69.5,"55,850",12.0,44%,2019
=186,Pacific Ironbridge University,Germany,43.2,75.5,46.2,46.5,64.3,48.0,"15,226",8.8,31%,2019
201-250,Pacific Juniper University,Canada,41.3,58.8,36.3,54.8,46.0,45.3,"25,684",11.2,4%,2019
=139,Pacific Marlow University,Canada,55.0,55.7,50.5,55.4,70.8,54.2,"26,196",12.6,39%,2019
93,Pacific Northfield University,United States,58.8,53.8,44.1,83.0,59.0,61.3,"35,733",15.6,18%,2019
251-300,Pacific Pinecrest University,Canada,33.7,22.9,33.0,22.4,28.2,29.2,"32,936",18.7,2%,2019
151,Pacific Stonebrook University,France,45.9,40.3,62.7,52.8,40.5,52.5,"9,109",6.0,24%,2019
111,Pacific Thornbury University,Australia,65.6,55.1,62.5,50.8,43.8,58.9,"47,442",9.9,42%,2019
201-250,Pacific Upton University,Australia,43.2,32.9,28.4,57.8,40.1,42.3,"15,513",8.2,13%,2019
142,Pacific Westbury University,Canada,39.4,55.4,54.5,66.2,57.1,53.6,"21,320",19.2,23%,2019
251-300,Pacific Yarrow University,United States,15.3,15.8,22.6,29.0,18.6,21.7,"50,233",13.9,9%,2019
17,Pinecrest Institute of Technology,Australia,76.2,71.6,92.7,66.7,73.7,77.9,"43,015",19.2,4%,2019
62,Queensbury Institute of Technology,United States,69.7,73.4,59.0,69.3,72.3,66.7,"26,278",11.3,5%,2019
201-250,Riverton Institute of Technology,Japan,48.8,56.4,47.7,41.0,31.7,46.3,"54,264",6.6,33%,2019
58,Royal Ashford University,United States,57.9,66.0,70.5,76.3,53.4,67.7,"25,209",28.6,39%,2019
251-300,Royal Bellmont University,United States,20.7,11.7,22.1,22.2,23.2,20.9,"35,104",8.6,8%,2019
201-250,Royal Brightwater University,Germany,46.2,43.6,42.1,39.2,42.3,42.6,"16,519",9.0,14%,2019
251-300,Royal Clearwater University,France,39.6,42.3,50.3,24.5,37.6,38.4,"13,433",9.5,10%,2019
251-300,Royal Deepwell University,Germany,28.1,43.5,36.7,30.5,41.1,32.9,"30,693",29.6,3%,2019
54,Royal Eastvale University,Kazakhstan,57.5,66.7,74.8,72.0,76.8,68.2,"35,923",20.8,26%,2019
8,Royal Elmstead University,France,89.7,73.2,75.0,91.5,89.8,84.6,"48,027",20.6,32%,2019
201-250,Royal Fairhaven University,Japan,44.5,34.2,39.3,43.2,33.2,41.5,"25,676",29.7,30%,2019
251-300,Royal Foxhill University,United Kingdom,38.9,44.7,37.2,32.3,40.9,36.9,"53,271",8.1,19%,2019
=130,Royal Glenrock University,Canada,38.2,65.5,66.2,62.8,56.2,56.5,"38,139",29.4,26%,2019
22,Royal Greystone University,United Kingdom,64.4,78.9,77.4,87.7,83.6,76.9,"7,186",10.9,6%,2019
251-300,Royal Highgate University,Germany,29.2,46.6,31.3,19.0,34.9,28.2,"45,673",21.0,9%,2019
=112,Royal Hollowmere University,Canada,54.0,69.1,58.2,61.2,64.4,58.8,"34,836",16.1,42%,2019
19,Royal Ironbridge University,Germany,79.2,80.3,75.7,76.9,79.8,77.5,"25,785",15.2,35%,2019
251-300,Royal Juniper University,Japan,27.2,39.4,21.8,25.1,36.5,26.1,"28,995",28.3,42%,2019
251-300,Royal Kingsport University,France,31.5,48.1,28.5,15.1,32.9,27.0,"19,816",9.6,41%,2019
201-250,Royal Lakeside University,France,55.5,63.7,34.1,39.9,52.1,44.9,"37,405",29.9,30%,2019
201-250,Royal Marlow University,United States,44.2,33.6,47.2,39.9,54.3,43.3,"34,926",15.1,42%,2019
94,ROYAL NORTHFIELD UNIVERSITY,Australia,59.9,62.1,58.6,65.0,61.4,61.2,"27,843",21.6,20%,2019
102,Royal Oakridge University,Japan,64.4,67.2,64.1,52.1,40.7,60.3,"19,020",29.2,2%,2019
251-300,Royal Queensbury University,United Kingdom,17.7,20.1,22.0,24.4,41.1,21.8,"25,415",7.4,5%,2019
=98,Royal Riverton University,Germany,65.9,49.5,55.7,63.0,64.3,60.7,"30,983",28.1,7%,2019
193,Royal Stonebrook University,United Kingdom,47.7,43.7,45.6,50.9,32.6,47.3,"30,240",19.6,6%,2019
18,Royal Thornbury University,Canada,74.1,80.1,87.1,71.7,69.9,77.6,"20,678",22.9,17%,2019
201-250,Royal Upton University,France,53.4,43.7,44.5,41.8,48.5,46.4,"36,601",9.6,32%,2019
201-250,Royal Valemont University,Kazakhstan,38.1,39.1,41.6,42.7,40.1,40.6,"16,226",18.8,36%,2019
92,Royal Westbury University,Canada,79.1,54.8,63.2,44.2,56.9,61.5,"31,262",22.2,27%,2019
78,Royal Yarrow University,Australia,66.4,63.8,53.0,71.6,76.3,64.0,"9,767",16.9,8%,2019
120,South Aldermoor University,France,49.4,54.6,63.0,61.4,53.7,57.6,"29,288",9.7,34%,2019
251-300,South Ashford University,United Kingdom,28.2,43.4,39.0,28.1,21.6,32.4,"48,352",11.9,17%,2019
=85,South Brightwater University,Kazakhstan,53.8,62.8,62.3,70.8,67.8,62.5,"49,005",26.5,3%,2019
251-300,South Caldera University,United States,34.7,47.0,35.9,19.2,-,31.4,"43,806",6.8,14%,2019
106,South Clearwater University,Australia,62.5,57.1,69.1,47.0,64.6,59.5,"46,513",23.0,16%,2019
251-300,South Deepwell University,France,36.0,28.4,34.8,30.8,38.9,33.6,"6,819",30.0,14%,2019
155,South Eastvale University,Canada,57.5,52.5,41.8,55.9,60.1,52.0,"22,112",6.2,37%,2019
201-250,South Elmstead University,Kazakhstan,52.8,23.0,33.0,45.9,50.5,42.5,"41,486",9.9,35%,2019
251-300,South Fairhaven University,Kazakhstan,47.9,25.1,41.6,33.4,31.6,39.5,"48,175",22.2,32%,2019
64,South Foxhill University,United Kingdom,74.8,47.6,57.2,70.4,66.1,65.9,"35,506",7.4,8%,2019
=84,South Glenrock University,Japan,61.0,38.1,67.8,65.9,60.1,62.8,"52,723",20.2,37%,2019
=162,South Greystone University,Kazakhstan,57.5,39.2,45.4,53.1,46.3,50.9,"18,389",22.4,31%,2019
=96,South Highgate University,Canada,54.8,83.2,51.6,69.6,78.3,61.0,"12,039",20.1,10%,2019
251-300,South Hollowmere University,Japan,43.4,46.6,34.0,27.6,50.1,36.2,"7,755",14.8,30%,2019
181,South Ironbridge University,Kazakhstan,50.7,63.1,31.6,59.7,54.0,48.7,"35,633",22.7,23%,2019
=70,South Kingsport University,Kazakhstan,62.0,66.5,62.9,70.7,53.3,65.0,"40,682",20.3,21%,2019
201-250,South Marlow University,United Kingdom,38.0,51.3,41.6,48.1,42.9,43.2,"19,178",11.0,7%,2019
=113,South Northfield University,Canada,60.7,56.0,58.5,57.5,64.1,58.8,"46,604",19.5,24%,2019
116,South Oakridge University,Australia,64.1,50.9,58.0,55.3,51.6,58.3,"45,410",27.2,6%,2019
118,South Queensbury University,United Kingdom,48.5,56.0,64.3,60.9,69.0,58.0,"23,201",22.0,9%,2019
16,South Riverton University,United States,77.3,70.2,73.3,86.3,-,78.1,"16,579",17.3,8%,2019
251-300,South Stonebrook University,France,37.5,43.0,22.5,31.6,43.0,31.8,"43,994",13.7,43%,2019
251-300,South Upton University,United Kingdom,24.9,25.0,27.9,23.2,30.5,25.4,"40,280",8.1,14%,2019
14,South Valemont University,United States,75.9,76.8,80.7,80.7,74.0,78.8,"12,737",11.9,17%,2019
1,South Westbury University,United Kingdom,97.9,84.2,95.6,97.3,99.0,96.0,"17,763",6.3,16%,2019
=190,State Aldermoor University,Kazakhstan,57.2,38.8,52.4,35.7,43.0,47.6,"30,275",29.7,41%,2019
251-300,State Ashford University,United States,38.4,29.8,18.6,29.5,29.9,29.0,"32,126",11.3,26%,2019
122,  State Brightwater University ,Japan,54.4,51.3,65.7,55.0,43.2,57.4,"12,557",25.6,42%,2019
179,State Caldera University,France,57.0,45.2,38.8,53.1,-,49.2,"57,272",10.0,15%,2019
=167,State Deepwell University,Canada,43.9,50.8,55.0,52.6,50.2,50.5,"25,386",12.8,7%,2019
251-300,State Dunmore University,Australia,38.9,44.6,27.3,35.1,46.7,34.9,"24,935",16.0,26%,2019
43,State Eastvale University,Japan,73.4,67.1,59.0,79.4,67.2,70.2,"6,612",13.8,17%,2019
=56,State Elmstead University,Kazakhstan,69.4,74.2,76.5,55.8,75.8,68.0,"53,605",25.2,36%,2019
251-300,State Fairhaven University,United Kingdom,31.9,42.5,30.4,28.5,-,31.2,"16,172",29.0,40%,2019
39,State Glenrock University,France,74.6,60.3,75.6,66.1,64.6,71.0,"60,865",27.0,22%,2019
4,State Greystone University,Kazakhstan,87.3,99.4,85.3,90.8,100.0,89.0,"31,328",9.7,44%,2019
119,State Hollowmere University,France,68.5,59.3,56.0,47.8,60.7,57.7,"51,486",24.6,26%,2019
157,State Juniper University,Canada,55.3,57.4,59.1,39.8,47.9,51.8,"13,477",9.6,14%,2019
=166,State Kingsport University,United States,51.0,56.4,60.1,39.2,49.2,50.5,"12,635",27.9,23%,2019
103,State Marlow University,Australia,64.5,62.6,49.5,65.7,59.5,60.1,"48,708",18.4,4%,2019
251-300,STATE NORTHFIELD UNIVERSITY,Australia,7.5,12.4,19.5,21.1,32.6,16.2,"49,037",14.1,37%,2019
100,State Oakridge University,Kazakhstan,63.0,57.8,62.8,56.7,55.4,60.5,"33,524",9.8,6%,2019
201-250,State Pinecrest University,Kazakhstan,22.0,39.5,55.5,57.3,49.5,44.6,"4,851",6.3,15%,2019
28,State Queensbury University,Canada,67.9,91.0,71.9,76.5,82.8,73.8,"55,846",12.0,26%,2019
=143,State Riverton University,France,57.3,62.2,45.0,55.8,55.7,53.5,"25,307",27.9,4%,2019
15,State Stonebrook University,Kazakhstan,86.2,73.7,73.6,77.0,-,78.5,"56,749",25.1,5%,2019
251-300,State Thornbury University,Canada,24.2,45.3,34.1,42.4,27.9,34.3,"51,512",29.3,32%,2019
=95,State Upton University,Germany,61.4,58.5,52.9,69.1,62.8,61.0,"51,937",8.4,5%,2019
=88,STATE YARROW UNIVERSITY,Canada,73.4,55.5,56.8,56.5,64.2,61.8,"42,981",20.2,23%,2019
201-250,Stonebrook Institute of Technology,Japan,38.9,49.0,40.4,45.0,45.0,42.1,"42,318",12.2,17%,2019
=66,Technical Aldermoor University,Kazakhstan,74.0,58.6,64.0,62.3,50.8,65.8,"33,593",19.0,12%,2019
31,Technical Clearwater University,Canada,71.9,85.3,72.2,71.6,79.3,73.1,"4,459",13.7,10%,2019
201-250,Technical Deepwell University,France,53.8,44.1,43.2,36.1,44.4,44.3,"25,712",12.8,35%,2019
251-300,Technical Dunmore University,Australia,38.3,38.6,25.2,31.6,-,32.0,"45,376",19.8,43%,2019
=182,Technical Elmstead University,Kazakhstan,53.8,50.9,47.0,44.4,47.2,48.5,"50,186",10.4,8%,2019
201-250,Technical Fairhaven University,Germany,37.8,46.3,31.7,52.4,51.5,41.3,"34,504",17.3,43%,2019
197,Technical Glenrock University,Germany,47.9,45.4,37.6,55.4,52.2,47.0,"42,971",21.6,28%,2019
=171,Technical Highgate University,United Kingdom,51.4,49.3,43.0,56.2,57.7,50.3,"4,327",9.1,30%,2019
251-300,Technical Hollowmere University,Germany,16.2,26.0,19.5,29.9,37.5,22.6,"30,398",28.3,33%,2019
251-300,Technical Ironbridge University,Australia,30.4,21.9,20.2,24.8,52.8,25.6,"32,566",18.1,32%,2019
68,Technical Kingsport University,Australia,60.1,70.7,64.6,71.3,49.0,65.3,"54,274",25.7,37%,2019
141,Technical Lakeside University,Australia,58.3,55.8,54.4,49.5,42.5,53.9,"20,834",21.7,23%,2019
251-300,Technical Marlow University,Germany,17.0,18.9,3.4,20.9,14.2,14.2,"15,857",23.0,25%,2019
48,Technical Northfield University,Kazakhstan,66.2,79.5,65.4,74.8,59.5,69.4,"23,714",23.2,16%,2019
121,Technical Oakridge University,France,56.8,68.7,57.0,56.5,50.2,57.5,"12,914",27.0,7%,2019
201-250,Technical Pinecrest University,United States,48.0,43.0,49.6,41.5,44.9,46.1,"33,831",20.7,31%,2019
251-300,Technical Queensbury University,Canada,41.2,36.4,36.4,27.1,26.6,34.8,"39,139",12.7,3%,2019
=125,Technical Riverton University,France,60.9,61.3,50.1,57.6,67.5,56.9,"49,930",8.4,14%,2019
161,Technical Stonebrook University,Kazakhstan,54.0,59.7,50.0,46.8,57.3,51.2,"57,644",20.6,6%,2019
3,Technical Upton University,Kazakhstan,96.5,83.2,85.2,90.8,90.7,90.2,"7,378",7.6,10%,2019
52,Technical Valemont University,Kazakhstan,58.8,71.9,71.6,74.7,64.8,68.5,"17,553",11.8,29%,2019
=123,Technical Westbury University,Germany,50.5,63.1,42.7,75.3,65.3,56.9,"19,608",7.5,29%,2019
175,Thornbury Institute of Technology,Kazakhstan,53.8,51.3,54.4,40.8,51.2,49.8,"17,284",19.2,20%,2019
12,University of Ashford,Australia,76.2,76.3,82.7,79.7,85.2,79.4,"50,884",9.8,6%,2019
101,University of Bellmont,Japan,50.6,47.7,60.5,73.1,63.6,60.4,"10,834",20.6,21%,2019
27,University of Brightwater,France,75.0,57.7,80.9,71.1,58.2,73.9,"4,652",25.0,17%,2019
=188,University of Clearwater,Australia,54.0,52.9,39.4,49.0,38.2,47.6,"52,388",25.7,33%,2019
201-250,University of Deepwell,France,54.3,52.9,47.2,29.4,36.6,44.1,"57,719",13.4,27%,2019
=195,University of Elmstead,Germany,54.9,51.5,32.0,52.9,50.2,47.1,"15,677",19.2,23%,2019
137,University of Fairhaven,United States,59.2,54.5,48.0,55.7,65.8,54.6,"21,483",19.5,23%,2019
10,University of Foxhill,Australia,82.0,79.4,87.8,81.8,74.8,83.3,"32,472",17.3,44%,2019
201-250,University of Glenrock,Germany,47.8,65.8,45.2,39.4,67.0,46.3,"32,794",21.7,35%,2019
=177,University of Greystone,Kazakhstan,44.5,50.1,46.2,57.2,49.0,49.4,"58,228",11.0,23%,2019
80,University of Highgate,Canada,66.4,62.2,53.3,70.8,66.8,63.5,"26,454",29.5,23%,2019
=183,University of Ironbridge,Australia,64.4,45.8,40.3,41.9,44.2,48.5,"3,710",8.4,3%,2019
40,University of Kingsport,France,80.5,70.0,71.7,61.0,-,70.8,"26,884",25.9,43%,2019
251-300,University of Lakeside,France,30.1,4.8,13.5,1.4,20.6,14.4,"35,404",20.3,16%,2019
201-250,University of Northfield,Kazakhstan,43.1,48.7,50.9,44.7,-,46.4,"31,623",11.9,13%,2019
192,University of Queensbury,Australia,47.8,50.4,49.9,45.0,31.9,47.4,"31,522",23.9,45%,2019
251-300,University of Stonebrook,Australia,25.3,5.9,19.4,7.1,18.8,16.5,"54,181",8.0,33%,2019
251-300,University of Thornbury,Canada,43.1,30.4,34.2,36.8,38.6,37.5,"48,713",24.6,4%,2019
201-250,University of Upton,Australia,43.7,33.6,51.9,35.9,36.1,42.9,"16,862",20.2,5%,2019
=163,University of Valemont,Australia,59.9,45.0,48.2,46.2,48.3,50.9,"23,214",8.7,3%,2019
38,University of Yarrow,United Kingdom,72.0,70.4,74.5,67.2,66.5,71.1,"40,289",7.9,28%,2019
148,Upton Institute of Technology,Kazakhstan,43.5,36.4,61.2,58.4,54.2,53.0,"27,002",24.0,5%,2019
200,West Aldermoor University,United Kingdom,38.9,48.2,51.2,49.8,42.8,46.6,"27,491",13.0,42%,2019
=140,West Bellmont University,Germany,59.6,64.1,43.9,56.1,62.4,54.2,"12,788",27.3,42%,2019
=26,West Brightwater University,Kazakhstan,68.5,72.1,72.6,81.1,84.3,74.2,"17,580",24.3,25%,2019
201-250,West Clearwater University,Kazakhstan,44.4,23.1,55.3,33.2,35.1,42.5,"45,925",22.8,29%,2019
185,West Deepwell University,Canada,50.5,36.2,52.7,45.5,35.8,48.2,"51,369",12.7,15%,2019
77,West Eastvale University,Japan,61.9,70.9,64.8,63.8,65.7,64.1,"46,960",23.0,5%,2019
152,West Elmstead University,Japan,58.9,30.9,53.7,49.6,57.0,52.4,"20,483",28.8,34%,2019
69,West Fairhaven University,Canada,68.0,61.8,61.3,67.2,62.2,65.2,"11,042",8.2,6%,2019
=165,West Foxhill University,Japan,47.4,45.4,58.1,47.8,56.9,50.8,"11,820",13.8,6%,2019
30,West Glenrock University,Canada,79.0,73.4,68.3,71.8,78.3,73.2,"25,224",11.6,15%,2019
201-250,West Greystone University,Kazakhstan,35.0,35.1,39.1,46.0,53.0,40.0,"32,218",15.4,3%,2019
201-250,  West Highgate University ,Australia,41.8,56.3,56.5,36.5,72.1,46.4,"52,663",23.8,21%,2019
176,West Ironbridge University,United Kingdom,44.0,58.2,44.5,58.3,-,49.6,"54,872",17.4,32%,2019
251-300,West Juniper University,Germany,26.7,53.1,39.6,6.6,37.3,26.8,"3,077",19.7,36%,2019
251-300,West Kingsport University,Australia,30.8,32.4,57.7,25.2,29.9,37.3,"43,247",13.5,28%,2019
67,West Lakeside University,Canada,63.1,70.3,54.2,78.4,64.9,65.6,"20,583",9.4,38%,2019
174,West Marlow University,Kazakhstan,48.2,36.4,49.5,55.5,49.3,49.9,"14,368",12.4,19%,2019
251-300,West Northfield University,Germany,42.9,48.3,32.2,26.2,25.1,34.7,"33,908",26.6,38%,2019
156,West Oakridge University,Kazakhstan,54.0,49.6,57.3,45.0,52.9,51.9,"4,898",20.5,24%,2019
13,West Pinecrest University,United States,78.6,67.7,75.9,86.4,67.1,79.0,"21,415",15.1,12%,2019
251-300,West Queensbury University,Kazakhstan,25.1,20.7,24.9,2.7,22.9,17.9,"34,582",25.0,43%,2019
251-300,West Riverton University,Canada,32.6,15.3,40.3,39.8,24.6,35.6,"18,607",7.5,14%,2019
201-250,West Thornbury University,Japan,29.4,45.6,46.9,45.1,33.9,40.7,"35,723",12.1,3%,2019
21,West Upton University,France,76.5,86.9,85.9,66.4,78.3,77.1,"28,448",11.5,12%,2019
=196,West Valemont University,Canada,42.8,64.9,39.9,52.8,62.0,47.1,"47,533",29.6,18%,2019
61,West Westbury University,Japan,67.8,53.7,76.9,58.6,71.9,66.8,"12,958",22.9,17%,2019
201-250,West Yarrow University,Japan,39.1,39.9,45.5,48.8,55.1,44.4,"6,359",20.8,25%,2019
201-250,Westbury Institute of Technology,Kazakhstan,45.0,43.9,46.8,41.7,42.4,44.4,"33,064",6.1,40%,2019
114,Yarrow Institute of Technology,Kazakhstan,71.2,46.2,55.8,51.1,67.5,58.6,"17,775",10.4,15%,2019
131,Aldermoor Institute of Technology,Canada,62.4,62.2,49.6,53.1,55.6,55.6,"37,471",19.8,29%,2020
=144,ASHFORD INSTITUTE OF TECHNOLOGY,Japan,56.7,48.2,60.6,46.7,39.8,53.8,"8,118",8.2,18%,2020
251-300,Caldera Institute of Technology,Australia,29.5,38.4,35.1,33.3,39.4,33.2,"26,304",26.3,42%,2020
62,Central Aldermoor University,Canada,69.0,62.4,64.3,69.4,56.6,66.9,"52,898",10.2,35%,2020
158,Central Ashford University,Germany,49.5,42.9,58.0,48.1,55.8,51.3,"47,182",24.4,21%,2020
201-250,Central Caldera University,Australia,52.5,56.5,50.1,32.3,42.7,45.8,"40,320",14.7,34%,2020
201-250,Central Clearwater University,Japan,43.9,34.9,45.8,44.1,34.5,43.6,"55,180",24.8,44%,2020
201-250,Central Deepwell University,United States,29.1,48.2,64.5,42.6,38.2,45.4,"46,358",11.0,22%,2020
135,Central Dunmore University,Japan,44.5,66.5,58.9,59.2,52.4,55.1,"39,187",10.5,30%,2020
=145,Central Elmstead University,France,63.0,47.7,53.0,47.8,42.4,53.8,"51,668",17.9,42%,2020
78,Central Fairhaven University,Australia,68.2,65.0,61.0,62.6,59.3,63.9,"10,179",6.8,13%,2020
=187,Central Glenrock University,Australia,49.8,65.4,57.3,34.1,47.1,48.4,"49,677",11.4,40%,2020
=32,  Central Greystone University ,United Kingdom,59.6,78.5,75.4,82.5,60.6,72.7,"19,307",23.4,6%,2020
201-250,Central Highgate University,Australia,48.1,46.3,43.8,39.7,49.4,44.2,"44,023",26.1,30%,2020
251-300,Central Hollowmere University,United Kingdom,39.3,28.1,48.0,25.7,18.4,36.5,"55,188",7.9,36%,2020
45,Central Ironbridge University,Canada,81.5,65.1,67.6,61.5,61.2,69.6,"30,500",27.2,28%,2020
=161,Central Juniper University,Canada,51.4,54.8,43.0,58.8,42.4,51.1,"7,876",25.1,23%,2020
=37,Central Lakeside University,Germany,71.2,64.1,77.9,70.1,64.5,72.2,"24,518",26.9,29%,2020
109,Central Marlow University,United States,54.8,65.7,60.6,58.1,79.3,59.0,"26,023",22.8,9%,2020
201-250,Central Northfield University,Kazakhstan,48.3,40.6,48.2,43.9,52.5,46.5,"56,676",22.2,11%,2020
90,Central Oakridge University,Germany,54.6,58.5,60.3,71.3,60.5,61.7,"58,139",18.6,14%,2020
11,Central Queensbury University,United Kingdom,81.8,85.1,76.7,90.7,72.3,83.0,"34,773",21.7,28%,2020
=9,Central Riverton University,United Kingdom,95.4,95.0,78.6,72.8,77.6,83.1,"56,093",28.1,21%,2020
68,Central Stonebrook University,Germany,74.1,42.9,72.0,56.5,60.6,65.5,"27,941",8.4,13%,2020
130,Central Thornbury University,United Kingdom,63.0,66.0,59.0,42.8,52.3,55.7,"26,578",13.6,40%,2020
46,  Central Upton University ,Japan,64.7,73.1,68.3,74.0,79.0,69.5,"49,240",7.7,18%,2020
201-250,Clearwater Institute of Technology,Germany,49.5,46.0,40.7,28.4,32.2,39.8,"41,115",28.7,21%,2020
67,Deepwell Institute of Technology,United States,65.8,64.7,59.8,71.8,58.5,65.6,"32,974",16.7,20%,2020
=129,Dunmore Institute of Technology,United States,59.5,56.9,51.1,58.2,50.4,56.2,"29,311",22.2,10%,2020
94,EAST ALDERMOOR UNIVERSITY,Japan,67.5,50.0,48.8,70.5,57.0,61.2,"43,845",26.2,33%,2020
201-250,EAST ASHFORD UNIVERSITY,United States,48.3,49.0,48.4,32.2,34.5,43.2,"46,988",29.8,21%,2020
251-300,East Bellmont University,Canada,34.9,30.2,20.5,30.9,28.1,28.9,"31,171",9.9,3%,2020
251-300,East Brightwater University,United States,27.0,33.8,30.1,36.2,24.8,31.2,"4,809",25.2,43%,2020
201-250,East Caldera University,United Kingdom,42.7,35.8,38.0,46.8,32.6,41.8,"8,799",27.3,37%,2020
201-250,East Clearwater University,United Kingdom,34.6,51.0,51.8,43.7,51.2,44.1,"10,971",7.2,33%,2020
172,East Deepwell University,Germany,51.7,38.7,41.9,57.5,52.3,49.6,"28,941",24.1,39%,2020
7,East Dunmore University,Canada,78.7,86.0,93.0,82.0,84.1,84.6,"37,663",14.5,41%,2020
56,East Eastvale University,Germany,58.9,81.3,74.3,66.3,66.6,67.6,"48,835",21.6,17%,2020
201-250,East Elmstead University,United States,55.2,40.9,45.4,32.1,46.7,44.0,"16,682",18.3,28%,2020
=84,East Fairhaven University,Australia,75.8,56.6,50.6,62.5,62.4,62.5,"47,735",12.2,28%,2020
201-250,East Foxhill University,France,55.1,37.0,54.2,32.9,41.9,46.5,"40,204",9.2,13%,2020
153,East Glenrock University,Canada,51.1,47.8,55.6,53.0,49.1,52.7,"6,079",8.8,12%,2020
110,East Greystone University,France,66.6,47.0,47.1,64.1,72.4,58.7,"22,709",8.5,7%,2020
80,East Highgate University,Australia,66.1,58.1,63.1,63.9,-,63.6,"20,157",21.3,30%,2020
201-250,East Hollowmere University,United Kingdom,48.5,40.4,43.5,26.9,51.0,40.0,"53,732",14.4,36%,2020
=50,East Ironbridge University,Australia,58.5,78.2,72.7,73.9,52.1,68.7,"56,519",11.2,35%,2020
=192,East Juniper University,United States,45.3,63.2,47.6,47.3,43.1,47.9,"48,777",22.6,16%,2020
146,East Kingsport University,United Kingdom,56.4,49.6,58.2,45.7,64.7,53.4,"33,510",22.5,11%,2020
5,East Marlow University,Japan,77.2,96.5,91.5,87.3,97.1,86.5,"31,709",18.9,22%,2020
92,East Northfield University,France,60.1,60.0,71.9,52.3,62.8,61.4,"20,440",28.4,26%,2020
=48,East Pinecrest University,Australia,78.6,73.9,55.9,70.5,-,68.8,"47,214",15.2,42%,2020
87,East Riverton University,United Kingdom,73.5,59.2,57.5,56.7,58.0,62.2,"8,067",26.1,40%,2020
=58,East Stonebrook University,Canada,70.0,65.2,60.0,73.5,61.9,67.5,"18,856",7.8,41%,2020
=173,East Upton University,Germany,56.1,56.5,42.8,48.1,47.7,49.5,"10,743",23.8,39%,2020
136,East Valemont University,Australia,56.0,53.3,53.8,56.1,48.2,55.0,"31,897",29.7,43%,2020
=197,East Westbury University,Japan,45.4,33.3,58.0,42.9,43.7,47.5,"20,266",26.3,22%,2020
79,East Yarrow University,Japan,62.8,53.4,60.2,71.2,59.0,63.7,"14,531",19.9,4%,2020
201-250,Eastvale Institute of Technology,Australia,37.1,49.5,47.4,42.1,-,42.5,"24,714",21.0,6%,2020
=116,Elmstead Institute of Technology,Canada,60.1,58.0,51.4,64.4,47.5,58.3,"52,403",14.5,19%,2020
54,Fairhaven Institute of Technology,Kazakhstan,65.7,68.1,68.8,68.2,75.9,67.8,"33,773",22.3,13%,2020
=88,Glenrock Institute of Technology,United States,52.6,63.3,79.1,53.9,-,62.1,"51,191",24.5,9%,2020
=156,Greystone Institute of Technology,Germany,57.4,58.0,51.4,46.2,55.2,52.2,"53,479",30.0,43%,2020
93,Highgate Institute of Technology,Canada,65.4,62.1,65.9,52.0,66.7,61.3,"55,266",17.8,10%,2020
201-250,Hollowmere Institute of Technology,Kazakhstan,39.7,49.7,39.8,44.7,50.4,42.3,"22,807",7.5,43%,2020
19,IRONBRIDGE INSTITUTE OF TECHNOLOGY,Germany,70.6,82.1,87.1,74.3,74.6,77.6,"52,634",20.3,35%,2020
251-300,Kingsport Institute of Technology,Japan,38.5,44.6,41.8,33.5,32.6,38.3,"55,707",8.9,30%,2020
=115,Lakeside Institute of Technology,Canada,60.3,51.8,50.3,66.9,48.8,58.3,"57,491",11.9,31%,2020
251-300,Marlow Institute of Technology,Japan,32.6,33.4,30.3,6.8,19.8,23.9,"23,096",13.9,16%,2020
251-300,National Aldermoor University,Australia,31.9,40.6,20.8,35.1,48.3,30.6,"16,394",23.5,30%,2020
27,National Ashford University,France,68.9,88.4,84.1,64.6,70.3,73.7,"35,928",10.4,10%,2020
=89,National Brightwater University,Germany,59.9,71.9,63.4,60.5,-,62.1,"54,649",10.0,42%,2020
201-250,National Clearwater University,France,43.5,46.1,35.8,38.7,43.9,40.0,"54,712",7.1,15%,2020
251-300,NATIONAL DEEPWELL UNIVERSITY,Japan,33.5,35.7,31.1,12.0,34.0,26.5,"34,939",27.0,13%,2020
251-300,National Dunmore University,Canada,22.7,8.3,3.9,12.5,4.3,12.5,"11,255",22.6,33%,2020
=128,National Eastvale University,Kazakhstan,54.5,49.9,53.9,62.0,53.5,56.2,"27,383",7.0,30%,2020
2,National Fairhaven University,Japan,97.0,83.0,97.8,97.6,94.0,96.3,"43,997",6.7,21%,2020
=107,National Glenrock University,Canada,51.6,57.5,64.5,64.0,51.5,59.6,"34,400",19.4,29%,2020
155,National Highgate University,Japan,48.1,59.6,51.6,54.9,60.1,52.4,"22,947",12.8,9%,2020
70,National Hollowmere University,Kazakhstan,66.4,69.2,67.2,60.5,69.8,65.2,"22,057",20.3,31%,2020
251-300,National Juniper University,Japan,31.1,45.0,32.3,31.5,23.6,32.4,"6,214",16.4,14%,2020
168,National Kingsport University,France,45.8,50.8,68.5,35.6,63.9,50.4,"19,508",28.2,14%,2020
122,National Lakeside University,Canada,60.7,49.6,46.2,67.6,65.0,57.7,"41,342",12.9,9%,2020
=132,National Marlow University,Germany,48.1,51.0,67.8,51.8,51.8,55.4,"17,179",22.3,16%,2020
55,National Northfield University,France,60.8,67.4,82.1,59.4,79.3,67.7,"60,574",7.3,16%,2020
108,  National Oakridge University ,France,59.6,60.8,56.2,62.2,62.2,59.5,"7,506",28.9,22%,2020
=53,National Riverton University,Germany,60.3,76.2,80.8,61.6,63.2,68.1,"36,975",29.5,10%,2020
=176,National Stonebrook University,Australia,51.6,42.2,54.8,43.0,41.5,49.0,"31,963",23.7,10%,2020
16,National Thornbury University,United Kingdom,72.0,73.8,85.7,81.7,78.1,79.3,"50,066",17.2,25%,2020
29,National Upton University,Japan,72.7,71.7,77.4,68.8,84.9,73.2,"53,330",11.3,8%,2020
201-250,National Valemont University,United Kingdom,38.9,44.3,40.0,51.3,41.6,43.4,"33,185",25.5,32%,2020
201-250,NATIONAL WESTBURY UNIVERSITY,Australia,54.2,43.9,44.1,35.4,36.0,44.3,"39,692",23.7,43%,2020
38,National Yarrow University,France,65.3,74.0,77.6,72.2,76.6,72.0,"42,514",11.3,20%,2020
=133,North Ashford University,Australia,34.5,53.3,63.3,69.1,53.9,55.4,"32,993",16.8,41%,2020
=52,North Brightwater University,France,58.3,70.3,69.3,76.9,61.4,68.1,"13,653",17.1,6%,2020
=181,North Caldera University,France,52.0,46.0,42.1,53.6,35.8,48.7,"27,616",25.8,4%,2020
=33,North Clearwater University,Kazakhstan,72.9,85.3,77.1,63.5,-,72.4,"16,488",22.4,33%,2020
=83,North Deepwell University,United States,59.4,60.6,74.1,56.7,36.6,62.5,"30,031",21.4,35%,2020
=73,North Dunmore University,Canada,65.8,57.5,64.8,65.0,58.8,64.4,"38,680",21.6,38%,2020
26,North Eastvale University,Japan,57.9,64.2,88.0,78.4,73.6,74.0,"14,574",12.5,4%,2020
=190,North Elmstead University,Kazakhstan,53.3,40.5,44.0,48.3,58.7,48.2,"17,536",14.9,35%,2020
251-300,North Fairhaven University,Kazakhstan,52.0,34.9,26.5,33.1,31.2,36.9,"49,304",7.1,18%,2020
201-250,North Foxhill University,Japan,40.4,41.6,41.7,50.3,52.6,44.1,"23,934",24.9,15%,2020
138,North Glenrock University,Japan,59.9,71.2,48.8,50.4,-,54.6,"14,326",16.4,9%,2020
251-300,North Greystone University,Germany,27.2,28.3,33.5,24.3,28.3,28.3,"42,894",16.5,45%,2020
=74,North Highgate University,Germany,55.4,74.2,64.3,70.5,70.4,64.4,"44,239",11.9,5%,2020
=182,North Hollowmere University,Germany,49.4,54.0,51.7,43.3,49.0,48.6,"49,915",11.0,38%,2020
35,  North Ironbridge University ,Japan,86.8,73.0,54.0,75.1,82.1,72.3,"47,187",20.1,29%,2020
251-300,North Kingsport University,Kazakhstan,34.5,19.0,15.4,16.8,12.9,21.7,"60,276",11.6,34%,2020
201-250,North Lakeside University,Japan,40.1,44.9,53.9,44.6,47.5,46.1,"36,253",7.5,33%,2020
251-300,North Marlow University,United Kingdom,47.3,46.4,31.9,32.4,38.8,37.9,"19,140",24.4,39%,2020
201-250,North Northfield University,United Kingdom,45.6,24.3,44.0,54.5,50.7,46.3,"51,356",15.0,10%,2020
=140,North Oakridge University,Canada,70.4,42.4,40.7,53.1,-,54.3,"18,611",15.1,2%,2020
165,North Queensbury University,Japan,50.4,47.0,63.7,38.9,48.2,50.6,"19,909",16.4,28%,2020
=139,North Riverton University,Canada,51.3,54.3,53.1,60.0,37.6,54.3,"51,614",25.6,17%,2020
=170,North Stonebrook University,Australia,53.9,55.0,53.4,41.9,41.9,49.9,"53,035",13.7,7%,2020
44,North Thornbury University,France,83.8,60.0,75.6,53.8,63.4,70.0,"22,676",24.2,10%,2020
201-250,North Upton University,Australia,42.9,36.5,48.5,40.9,41.6,43.5,"45,627",28.5,16%,2020
60,North Valemont University,Japan,64.3,74.8,65.2,70.5,-,67.3,"56,318",21.9,5%,2020
39,North Westbury University,United Kingdom,75.5,71.9,62.7,77.5,53.7,71.5,"49,580",16.4,4%,2020
=104,North Yarrow University,Germany,58.8,64.6,59.7,58.8,69.5,59.8,"3,253",23.9,41%,2020
63,Northfield Institute of Technology,Japan,61.5,73.6,69.3,66.6,53.3,66.1,"41,887",17.0,15%,2020
=112,Pacific Aldermoor University,Germany,65.1,62.0,58.9,50.3,65.8,58.6,"12,566",15.9,44%,2020
=10,Pacific Ashford University,France,86.0,79.8,82.5,80.3,97.8,83.1,"51,487",18.6,43%,2020
114,Pacific Bellmont University,Australia,54.0,54.9,63.6,59.2,53.3,58.5,"6,967",13.6,8%,2020
201-250,Pacific Brightwater University,Kazakhstan,48.2,48.9,39.7,47.5,49.1,45.5,"58,898",8.5,33%,2020
=151,Pacific Clearwater University,Australia,42.8,43.0,61.4,57.5,42.2,52.8,"12,848",16.0,28%,2020
=183,Pacific Deepwell University,Kazakhstan,45.6,52.8,42.3,58.9,23.2,48.6,"26,838",9.0,32%,2020
251-300,Pacific Dunmore University,Canada,22.1,19.2,57.7,32.0,32.1,35.8,"16,150",15.9,6%,2020
=200,Pacific Eastvale University,Kazakhstan,52.2,34.5,47.8,45.3,38.0,47.1,"49,201",19.4,10%,2020
=142,Pacific Fairhaven University,United Kingdom,49.4,49.3,65.3,49.0,44.8,53.9,"25,984",28.3,5%,2020
179,PACIFIC FOXHILL UNIVERSITY,Canada,46.9,52.0,48.2,48.7,70.7,48.8,"46,409",6.9,28%,2020
=160,Pacific Glenrock University,Canada,51.9,51.6,47.3,53.8,56.7,51.2,"6,900",20.9,44%,2020
201-250,Pacific Greystone University,United Kingdom,42.9,30.3,48.5,35.4,49.6,41.5,"28,388",17.0,31%,2020
28,Pacific Highgate University,France,68.4,64.0,85.1,69.5,74.1,73.6,"55,218",6.5,33%,2020
40,Pacific Hollowmere University,Australia,75.3,62.4,69.6,71.6,69.5,71.4,"54,757",12.0,44%,2020
=189,Pacific Ironbridge University,Germany,42.9,75.6,46.9,46.9,62.9,48.2,"14,455",8.8,31%,2020
201-250,Pacific Juniper University,Canada,42.1,61.1,32.9,54.6,-,44.6,"25,316",11.2,4%,2020
=159,Pacific Marlow University,Canada,52.0,58.1,46.0,52.5,69.3,51.2,"26,828",12.6,39%,2020
91,Pacific Northfield University,United States,58.4,56.6,46.2,81.7,57.8,61.6,"35,405",15.6,18%,2020
251-300,Pacific Pinecrest University,Canada,35.1,21.7,28.2,23.6,27.9,28.4,"33,302",18.7,2%,2020
=152,Pacific Stonebrook University,France,45.4,39.3,63.6,53.7,40.3,52.8,"9,226",6.0,24%,2020
=119,Pacific Thornbury University,Australia,63.9,55.7,63.1,48.4,44.0,57.9,"46,651",9.9,42%,2020
201-250,Pacific Upton University,Australia,43.3,32.4,29.2,61.8,39.4,43.7,"16,156",8.2,13%,2020
141,Pacific Westbury University,Canada,35.8,58.0,56.5,68.6,58.1,54.1,"20,465",19.2,23%,2020
251-300,Pacific Yarrow University,United States,12.3,16.4,21.6,26.0,18.5,19.7,"51,055",13.9,9%,2020
15,Pinecrest Institute of Technology,Australia,77.8,70.5,95.7,68.9,74.3,79.9,"42,680",19.2,4%,2020
66,Queensbury Institute of Technology,United States,69.1,75.3,58.2,66.8,73.1,65.7,"24,910",11.3,5%,2020
201-250,Riverton Institute of Technology,Japan,48.8,54.6,44.4,43.2,-,45.8,"56,292",6.6,33%,2020
=64,Royal Ashford University,United States,55.3,62.3,71.7,73.2,52.2,66.0,"25,569",28.6,39%,2020
251-300,Royal Bellmont University,United States,18.0,11.6,24.3,24.4,23.3,21.4,"35,688",8.6,8%,2020
201-250,Royal Brightwater University,Germany,48.4,42.8,44.4,39.0,43.3,43.8,"16,883",9.0,14%,2020
251-300,Royal Clearwater University,France,39.9,41.3,47.1,24.1,36.9,37.3,"13,651",9.5,10%,2020
251-300,Royal Deepwell University,Germany,26.2,43.5,38.1,28.5,39.4,32.1,"30,363",29.6,3%,2020
=49,Royal Eastvale University,Kazakhstan,57.0,67.5,76.4,72.7,76.0,68.8,"35,150",20.8,26%,2020
6,Royal Elmstead University,France,88.1,74.2,75.1,94.3,88.9,85.0,"48,087",20.6,32%,2020
201-250,Royal Fairhaven University,Japan,42.3,33.8,42.2,41.1,35.3,41.1,"25,974",29.7,30%,2020
251-300,Royal Foxhill University,United Kingdom,36.6,46.4,35.4,35.7,41.1,36.8,"55,090",8.1,19%,2020
125,Royal Glenrock University,Canada,39.1,64.6,67.8,63.6,56.2,57.4,"37,372",29.4,26%,2020
17,Royal Greystone University,United Kingdom,65.6,79.0,79.7,89.7,-,78.5,"6,965",10.9,6%,2020
251-300,Royal Highgate University,Germany,28.5,43.4,26.7,14.6,35.5,25.1,"44,418",21.0,9%,2020
=103,Royal Hollowmere University,Canada,56.1,71.2,59.1,61.1,63.9,59.8,"35,134",16.1,42%,2020
24,Royal Ironbridge University,Germany,75.2,76.6,74.7,75.9,78.7,75.5,"25,817",15.2,35%,2020
251-300,ROYAL JUNIPER UNIVERSITY,Japan,28.9,37.9,22.6,29.1,38.1,28.0,"28,861",28.3,42%,2020
251-300,Royal Kingsport University,France,31.0,46.6,29.1,16.0,34.1,27.2,"20,103",9.6,41%,2020
201-250,Royal Lakeside University,France,54.9,61.7,31.7,37.0,48.4,42.9,"37,204",29.9,30%,2020
201-250,Royal Marlow University,United States,42.5,34.7,48.4,38.9,53.6,42.9,"35,456",15.1,42%,2020
99,Royal Northfield University,Australia,58.9,60.2,58.4,63.6,61.2,60.3,"27,938",21.6,20%,2020
=113,Royal Oakridge University,Japan,58.5,69.6,62.9,53.1,40.9,58.6,"18,745",29.2,2%,2020
251-300,Royal Queensbury University,United Kingdom,19.3,21.0,22.5,26.9,41.8,23.2,"25,817",7.4,5%,2020
101,Royal Riverton University,Germany,66.0,49.5,55.2,61.5,-,60.0,"30,904",28.1,7%,2020
201-250,Royal Stonebrook University,United Kingdom,46.2,43.9,44.9,51.5,29.3,46.8,"30,005",19.6,6%,2020
18,Royal Thornbury University,Canada,74.6,81.2,86.3,73.3,-,78.1,"20,566",22.9,17%,2020
201-250,Royal Upton University,France,54.0,44.8,43.9,39.0,49.5,45.7,"37,151",9.6,32%,2020
201-250,Royal Valemont University,Kazakhstan,37.6,37.0,44.1,43.1,35.7,41.1,"16,339",18.8,36%,2020
100,ROYAL WESTBURY UNIVERSITY,Canada,76.5,53.4,63.0,43.0,54.9,60.1,"32,192",22.2,27%,2020
81,Royal Yarrow University,Australia,66.8,63.5,50.7,71.2,74.2,63.2,"10,105",16.9,8%,2020
=121,South Aldermoor University,France,48.7,54.8,64.8,61.4,52.8,57.9,"30,143",9.7,34%,2020
251-300,South Ashford University,United Kingdom,25.1,41.4,36.5,24.5,22.9,29.5,"46,970",11.9,17%,2020
82,South Brightwater University,Kazakhstan,55.3,64.5,62.1,70.5,65.7,62.8,"49,637",26.5,3%,2020
251-300,South Caldera University,United States,33.1,44.6,37.2,17.3,38.4,30.6,"42,981",6.8,14%,2020
102,South Clearwater University,Australia,63.5,59.6,66.7,49.2,66.5,59.9,"45,229",23.0,16%,2020
251-300,South Deepwell University,France,36.3,29.0,33.6,31.1,38.1,33.4,"6,899",30.0,14%,2020
=167,South Eastvale University,Canada,54.8,50.8,39.8,55.9,59.7,50.5,"22,146",6.2,37%,2020
201-250,SOUTH ELMSTEAD UNIVERSITY,Kazakhstan,52.4,22.8,34.0,48.3,51.5,43.4,"39,625",9.9,35%,2020
201-250,South Fairhaven University,Kazakhstan,48.5,25.5,43.1,35.3,34.4,40.8,"49,482",22.2,32%,2020
69,South Foxhill University,United Kingdom,72.7,48.6,56.8,70.5,65.9,65.3,"36,143",7.4,8%,2020
=85,SOUTH GLENROCK UNIVERSITY,Japan,61.4,38.2,66.9,64.9,59.1,62.3,"50,794",20.2,37%,2020
=166,South Greystone University,Kazakhstan,56.6,36.9,47.3,51.2,46.9,50.5,"18,372",22.4,31%,2020
95,South Highgate University,Canada,56.6,80.6,51.5,68.4,79.3,61.0,"11,814",20.1,10%,2020
251-300,South Hollowmere University,Japan,43.4,46.2,32.2,23.1,48.9,34.3,"7,730",14.8,30%,2020
=177,South Ironbridge University,Kazakhstan,50.2,64.3,32.0,60.3,56.3,49.0,"35,338",22.7,23%,2020
=65,South Kingsport University,Kazakhstan,60.3,66.5,66.3,72.4,52.9,66.0,"41,603",20.3,21%,2020
201-250,South Marlow University,United Kingdom,38.7,51.6,42.0,47.7,46.0,43.5,"19,430",11.0,7%,2020
=120,South Northfield University,Canada,59.0,54.7,58.0,57.0,64.0,57.9,"48,383",19.5,24%,2020
118,South Oakridge University,Australia,64.3,52.4,56.4,55.3,50.0,58.0,"45,460",27.2,6%,2020
=111,South Queensbury University,United Kingdom,46.6,61.3,63.8,63.6,70.8,58.6,"23,458",22.0,9%,2020
22,South Riverton University,United States,75.0,71.6,71.8,85.9,68.3,76.9,"16,112",17.3,8%,2020
251-300,South Stonebrook University,France,39.3,42.9,22.2,31.0,42.9,32.0,"45,711",13.7,43%,2020
251-300,South Upton University,United Kingdom,25.0,25.3,28.9,26.2,30.2,26.7,"41,374",8.1,14%,2020
20,South Valemont University,United States,75.2,70.3,79.5,79.9,74.7,77.5,"12,921",11.9,17%,2020
1,South Westbury University,United Kingdom,97.1,86.8,96.5,98.8,100.0,96.7,"17,705",6.3,16%,2020
201-250,State Aldermoor University,Kazakhstan,55.0,39.3,50.8,37.6,44.0,47.1,"30,711",29.7,41%,2020
251-300,STATE ASHFORD UNIVERSITY,United States,39.1,27.8,18.9,31.7,27.8,29.7,"32,473",11.3,26%,2020
124,State Brightwater University,Japan,53.0,49.6,67.5,55.4,41.7,57.5,"12,297",25.6,42%,2020
=194,State Caldera University,France,57.7,42.2,37.0,50.1,46.6,47.8,"55,669",10.0,15%,2020
178,State Deepwell University,Canada,42.3,51.2,54.7,49.1,51.3,48.9,"25,850",12.8,7%,2020
251-300,State Dunmore University,Australia,38.8,44.1,24.0,36.4,45.3,34.2,"24,855",16.0,26%,2020
43,State Eastvale University,Japan,71.4,69.7,57.6,81.4,70.2,70.1,"6,315",13.8,17%,2020
59,State Elmstead University,Kazakhstan,68.9,74.6,74.8,56.0,75.8,67.4,"51,838",25.2,36%,2020
251-300,State Fairhaven University,United Kingdom,33.2,44.1,32.3,23.2,31.1,30.7,"16,094",29.0,40%,2020
42,State Glenrock University,France,73.8,60.3,74.2,68.3,63.4,71.0,"58,564",27.0,22%,2020
4,State Greystone University,Kazakhstan,86.6,99.6,83.2,91.1,98.3,88.2,"30,823",9.7,44%,2020
117,State Hollowmere University,France,69.2,54.5,57.7,47.9,-,58.1,"52,437",24.6,26%,2020
=143,State Juniper University,Canada,57.2,56.7,61.4,42.7,-,53.9,"12,894",9.6,14%,2020
=149,State Kingsport University,United States,53.3,57.1,60.3,44.1,52.4,52.9,"12,130",27.9,23%,2020
=97,State Marlow University,Australia,66.8,63.2,52.0,63.5,58.0,60.9,"49,778",18.4,4%,2020
251-300,State Northfield University,Australia,7.2,15.6,19.4,21.7,34.8,16.6,"50,808",14.1,37%,2020
=96,State Oakridge University,Kazakhstan,64.4,57.6,64.1,55.4,57.0,60.9,"33,189",9.8,6%,2020
201-250,State Pinecrest University,Kazakhstan,21.0,38.2,55.2,57.6,50.6,44.3,"4,748",6.3,15%,2020
30,State Queensbury University,Canada,67.5,87.3,70.9,75.7,82.6,72.8,"55,618",12.0,26%,2020
148,State Riverton University,France,56.1,64.1,46.7,53.2,57.2,53.0,"25,759",27.9,4%,2020
12,State Stonebrook University,Kazakhstan,86.6,73.4,77.8,78.8,76.0,80.4,"56,391",25.1,5%,2020
251-300,State Thornbury University,Canada,26.6,47.2,31.9,43.3,26.7,34.8,"51,397",29.3,32%,2020
98,State Upton University,Germany,59.9,56.8,53.7,69.6,62.5,60.8,"53,018",8.4,5%,2020
=86,State Yarrow University,Canada,73.8,58.4,57.0,56.8,64.0,62.3,"43,043",20.2,23%,2020
201-250,Stonebrook Institute of Technology,Japan,38.7,50.7,42.0,42.6,44.8,41.9,"41,802",12.2,17%,2020
71,Technical Aldermoor University,Kazakhstan,75.4,55.9,62.7,60.6,48.2,65.0,"33,642",19.0,12%,2020
=34,Technical Clearwater University,Canada,72.2,84.6,71.4,70.2,78.3,72.4,"4,509",13.7,10%,2020
201-250,Technical Deepwell University,France,52.8,44.3,43.2,33.5,43.0,43.3,"24,981",12.8,35%,2020
251-300,Technical Dunmore University,Australia,39.0,36.7,24.7,29.8,19.9,31.3,"43,462",19.8,43%,2020
169,Technical Elmstead University,Kazakhstan,54.4,52.8,50.4,45.4,45.6,50.1,"49,965",10.4,8%,2020
201-250,Technical Fairhaven University,Germany,34.6,48.0,33.0,52.4,51.2,40.9,"34,007",17.3,43%,2020
201-250,Technical Glenrock University,Germany,47.5,45.5,36.4,55.0,52.4,46.4,"42,858",21.6,28%,2020
175,Technical Highgate University,United Kingdom,52.0,50.2,39.3,56.3,55.7,49.4,"4,179",9.1,30%,2020
251-300,Technical Hollowmere University,Germany,14.4,24.5,17.5,28.8,35.5,20.9,"28,815",28.3,33%,2020
251-300,Technical Ironbridge University,Australia,30.0,22.2,19.2,29.6,53.4,26.7,"31,011",18.1,32%,2020
72,Technical Kingsport University,Australia,57.9,70.9,65.1,71.0,47.8,64.7,"55,162",25.7,37%,2020
147,Technical Lakeside University,Australia,56.8,52.2,56.3,47.7,42.3,53.2,"21,324",21.7,23%,2020
251-300,Technical Marlow University,Germany,17.0,20.1,2.1,18.5,12.7,13.1,"16,123",23.0,25%,2020
=51,Technical Northfield University,Kazakhstan,64.0,78.7,64.4,75.8,59.0,68.7,"22,981",23.2,16%,2020
127,Technical Oakridge University,France,57.1,67.1,55.6,56.1,50.3,56.9,"12,454",27.0,7%,2020
201-250,Technical Pinecrest University,United States,47.6,42.1,51.0,40.5,46.4,46.1,"35,322",20.7,31%,2020
251-300,Technical Queensbury University,Canada,40.1,37.2,36.1,26.4,24.3,34.2,"38,462",12.7,3%,2020
123,Technical Riverton University,France,60.3,63.8,51.3,58.5,69.1,57.6,"48,050",8.4,14%,2020
=163,Technical Stonebrook University,Kazakhstan,52.1,60.3,50.4,47.0,54.9,50.7,"58,995",20.6,6%,2020
3,Technical Upton University,Kazakhstan,99.0,83.9,84.9,91.3,92.4,91.2,"7,366",7.6,10%,2020
47,Technical Valemont University,Kazakhstan,58.5,72.9,72.4,75.5,62.2,68.9,"16,885",11.8,29%,2020
126,Technical Westbury University,Germany,49.1,61.3,44.3,76.3,69.8,57.2,"19,600",7.5,29%,2020
=184,Thornbury Institute of Technology,Kazakhstan,53.0,51.8,51.7,40.2,49.7,48.6,"17,477",19.2,20%,2020
13,University of Ashford,Australia,77.6,77.3,83.5,79.6,88.5,80.2,"48,760",9.8,6%,2020
=106,University of Bellmont,Japan,49.7,46.1,59.8,72.2,65.4,59.6,"10,802",20.6,21%,2020
=31,University of Brightwater,France,73.4,56.3,80.7,69.4,58.0,72.7,"4,788",25.0,17%,2020
=191,University of Clearwater,Australia,54.9,53.2,39.1,49.3,38.0,47.9,"51,188",25.7,33%,2020
201-250,University of Deepwell,France,52.4,52.8,48.9,31.5,34.4,44.7,"56,501",13.4,27%,2020
198,University of Elmstead,Germany,55.0,52.1,32.9,53.0,50.4,47.4,"16,241",19.2,23%,2020
134,University of Fairhaven,United States,59.3,57.7,46.9,58.0,65.3,55.2,"22,534",19.5,23%,2020
8,University of Foxhill,Australia,82.5,82.0,87.6,82.2,73.9,83.7,"32,557",17.3,44%,2020
=174,University of Glenrock,Germany,51.9,63.4,48.7,42.9,68.0,49.5,"32,753",21.7,35%,2020
=180,University of Greystone,Kazakhstan,42.0,50.3,46.7,56.9,49.3,48.7,"59,683",11.0,23%,2020
76,University of Highgate,Canada,66.1,59.8,54.6,73.3,66.6,64.3,"25,520",29.5,23%,2020
=193,University of Ironbridge,Australia,62.8,46.9,37.3,44.0,43.6,47.8,"3,790",8.4,3%,2020
=36,University of Kingsport,France,85.9,68.1,70.6,62.0,61.8,72.2,"27,500",25.9,43%,2020
251-300,University of Lakeside,France,32.7,3.4,11.8,1.9,19.5,14.7,"34,572",20.3,16%,2020
195,University of Northfield,Kazakhstan,45.5,47.8,51.2,46.3,48.6,47.7,"31,506",11.9,13%,2020
185,University of Queensbury,Australia,48.1,52.9,52.7,45.0,32.3,48.5,"32,282",23.9,45%,2020
251-300,  University of Stonebrook ,Australia,24.6,4.2,19.8,5.5,18.1,15.7,"55,234",8.0,33%,2020
251-300,University of Thornbury,Canada,39.1,28.4,32.7,33.6,37.0,34.7,"47,659",24.6,4%,2020
201-250,University of Upton,Australia,41.5,32.4,50.4,35.4,37.6,41.6,"17,517",20.2,5%,2020
=157,University of Valemont,Australia,62.8,47.7,48.4,47.0,46.8,52.2,"22,858",8.7,3%,2020
41,University of Yarrow,United Kingdom,71.9,71.6,76.0,66.1,68.1,71.3,"41,064",7.9,28%,2020
=150,Upton Institute of Technology,Kazakhstan,44.3,34.8,59.1,59.7,53.1,52.9,"26,092",24.0,5%,2020
201-250,West Aldermoor University,United Kingdom,40.0,44.4,53.0,49.4,40.1,47.1,"27,033",13.0,42%,2020
137,West Bellmont University,Germany,57.4,64.4,46.4,57.6,64.2,54.9,"12,584",27.3,42%,2020
23,West Brightwater University,Kazakhstan,70.7,70.8,72.9,84.3,85.7,75.8,"17,252",24.3,25%,2020
201-250,West Clearwater University,Kazakhstan,43.1,21.2,54.7,34.8,35.9,42.3,"46,275",22.8,29%,2020
=186,West Deepwell University,Canada,50.0,34.0,54.1,45.8,36.3,48.4,"52,419",12.7,15%,2020
77,West Eastvale University,Japan,60.7,70.0,64.1,65.8,66.8,64.1,"47,320",23.0,5%,2020
154,West Elmstead University,Japan,58.3,29.8,53.9,50.7,55.6,52.5,"20,621",28.8,34%,2020
=75,West Fairhaven University,Canada,68.0,61.2,59.3,66.7,-,64.4,"10,995",8.2,6%,2020
188,West Foxhill University,Japan,46.2,43.0,53.8,45.7,57.3,48.3,"11,770",13.8,6%,2020
25,West Glenrock University,Canada,79.6,74.7,69.4,73.5,80.4,74.4,"25,004",11.6,15%,2020
251-300,West Greystone University,Kazakhstan,36.0,34.6,37.6,45.3,50.7,39.5,"33,277",15.4,3%,2020
199,West Highgate University,Australia,41.2,61.1,57.6,37.2,71.5,47.2,"53,310",23.8,21%,2020
=162,West Ironbridge University,United Kingdom,44.9,55.0,47.2,60.5,47.9,51.1,"53,585",17.4,32%,2020
251-300,West Juniper University,Germany,26.6,52.1,41.8,10.5,36.1,28.5,"3,170",19.7,36%,2020
251-300,West Kingsport University,Australia,30.5,31.7,56.8,26.8,31.0,37.4,"44,177",13.5,28%,2020
61,West Lakeside University,Canada,63.3,69.4,57.3,79.8,67.7,67.0,"19,851",9.4,38%,2020
=171,West Marlow University,Kazakhstan,47.9,37.7,52.3,52.8,47.1,49.9,"13,896",12.4,19%,2020
251-300,West Northfield University,Germany,44.8,48.1,28.9,22.1,22.7,32.9,"34,217",26.6,38%,2020
=164,West Oakridge University,Kazakhstan,54.6,48.7,54.4,43.6,51.1,50.7,"4,874",20.5,24%,2020
14,West Pinecrest University,United States,76.9,71.4,80.3,86.2,69.2,80.1,"22,166",15.1,12%,2020
251-300,West Queensbury University,Kazakhstan,25.9,17.2,23.7,1.0,22.7,17.0,"35,502",25.0,43%,2020
251-300,West Riverton University,Canada,32.1,14.2,39.6,35.5,25.1,33.9,"18,981",7.5,14%,2020
201-250,West Thornbury University,Japan,29.6,48.6,49.7,49.4,34.7,43.1,"36,439",12.1,3%,2020
21,West Upton University,France,75.2,88.0,85.8,68.6,77.0,77.4,"30,095",11.5,12%,2020
=196,West Valemont University,Canada,44.2,64.3,40.5,52.8,57.8,47.5,"47,891",29.6,18%,2020
=57,West Westbury University,Japan,66.2,55.2,80.3,58.4,75.5,67.5,"13,129",22.9,17%,2020
201-250,West Yarrow University,Japan,41.7,36.9,48.0,46.3,57.0,45.0,"6,300",20.8,25%,2020
201-250,Westbury Institute of Technology,Kazakhstan,43.5,44.7,45.0,42.0,41.3,43.5,"33,455",6.1,40%,2020
=105,Yarrow Institute of Technology,Kazakhstan,71.8,49.1,55.4,54.0,68.2,59.8,"17,958",10.4,15%,2020
=136,Aldermoor Institute of Technology,Canada,61.5,62.0,49.9,51.1,53.9,54.8,"39,233",19.8,29%,2021
155,Ashford Institute of Technology,Japan,56.1,49.6,56.5,47.3,40.4,52.7,"8,000",8.2,18%,2021
251-300,Caldera Institute of Technology,Australia,30.9,37.3,34.4,37.0,42.3,34.5,"25,617",26.3,42%,2021
=54,Central Aldermoor University,Canada,69.7,62.2,67.7,68.0,-,67.6,"50,691",10.2,35%,2021
=179,Central Ashford University,Germany,46.1,44.8,54.8,47.9,54.8,49.4,"45,409",24.4,21%,2021
201-250,Central Caldera University,Australia,54.1,57.1,50.9,32.8,42.5,46.7,"39,435",14.7,34%,2021
201-250,Central Clearwater University,Japan,44.8,35.3,43.7,41.8,31.9,42.5,"54,960",24.8,44%,2021
201-250,Central Deepwell University,United States,28.6,47.7,65.0,39.8,38.3,44.6,"47,077",11.0,22%,2021
=130,Central Dunmore University,Japan,44.1,67.0,60.4,58.2,56.3,55.2,"41,141",10.5,30%,2021
=148,Central Elmstead University,France,63.8,45.8,53.7,46.6,44.0,53.8,"51,525",17.9,42%,2021
81,Central Fairhaven University,Australia,69.4,64.2,62.0,58.9,58.9,63.4,"9,844",6.8,13%,2021
193,Central Glenrock University,Australia,47.6,66.2,56.8,35.0,48.2,48.0,"48,438",11.4,40%,2021
=26,Central Greystone University,United Kingdom,62.8,80.4,79.0,84.1,61.4,75.3,"19,614",23.4,6%,2021
201-250,Central Highgate University,Australia,49.7,46.5,45.2,40.3,48.1,45.3,"46,041",26.1,30%,2021
251-300,Central Hollowmere University,United Kingdom,38.2,23.6,46.6,26.3,21.2,35.6,"56,249",7.9,36%,2021
=48,Central Ironbridge University,Canada,80.5,62.1,66.5,61.4,60.9,68.7,"31,279",27.2,28%,2021
=170,Central Juniper University,Canada,50.1,52.7,41.5,58.1,-,49.9,"8,026",25.1,23%,2021
41,Central Lakeside University,Germany,67.6,63.8,77.8,69.7,65.4,70.9,"24,439",26.9,29%,2021
=101,Central Marlow University,United States,56.7,64.6,60.5,60.3,80.1,60.1,"25,849",22.8,9%,2021
=200,Central Northfield University,Kazakhstan,52.0,40.0,47.5,42.3,54.0,46.9,"54,846",22.2,11%,2021
=94,Central Oakridge University,Germany,53.3,61.1,59.8,70.9,60.2,61.3,"56,204",18.6,14%,2021
12,Central Queensbury University,United Kingdom,78.9,86.5,73.4,93.1,73.4,81.9,"36,437",21.7,28%,2021
10,Central Riverton University,United Kingdom,95.2,94.2,76.7,73.3,76.4,82.5,"56,605",28.1,21%,2021
=62,Central Stonebrook University,Germany,73.7,43.4,73.0,60.0,62.1,66.8,"27,174",8.4,13%,2021
140,Central Thornbury University,United Kingdom,64.3,63.4,55.8,41.3,49.4,54.4,"27,143",13.6,40%,2021
49,Central Upton University,Japan,64.5,71.3,64.4,74.9,78.6,68.5,"51,959",7.7,18%,2021
201-250,Clearwater Institute of Technology,Germany,48.8,43.6,39.0,28.2,33.8,38.9,"41,267",28.7,21%,2021
=72,Deepwell Institute of Technology,United States,66.5,64.6,60.8,69.3,60.0,65.3,"31,889",16.7,20%,2021
132,Dunmore Institute of Technology,United States,56.1,58.6,52.0,56.4,49.6,55.0,"29,373",22.2,10%,2021
=112,East Aldermoor University,Japan,63.9,49.2,47.0,68.1,57.9,58.9,"42,886",26.2,33%,2021
201-250,East Ashford University,United States,48.5,50.4,49.2,30.8,35.9,43.2,"46,977",29.8,21%,2021
251-300,East Bellmont University,Canada,37.7,31.5,20.3,33.1,28.5,30.4,"30,716",9.9,3%,2021
251-300,East Brightwater University,United States,29.7,36.2,31.5,38.6,22.8,33.2,"4,814",25.2,43%,2021
201-250,East Caldera University,United Kingdom,43.2,36.4,39.7,47.3,33.6,42.6,"8,848",27.3,37%,2021
201-250,East Clearwater University,United Kingdom,31.8,50.3,51.8,46.3,53.4,44.1,"11,167",7.2,33%,2021
172,East Deepwell University,Germany,51.3,41.8,43.8,56.2,50.7,49.8,"29,691",24.1,39%,2021
4,East Dunmore University,Canada,80.8,88.5,94.7,83.3,84.1,86.4,"38,538",14.5,41%,2021
60,East Eastvale University,Germany,60.2,76.9,72.3,66.3,66.1,67.1,"49,452",21.6,17%,2021
201-250,East Elmstead University,United States,56.2,42.2,44.3,34.1,42.7,44.6,"16,131",18.3,28%,2021
87,East Fairhaven University,Australia,75.2,57.1,51.3,61.5,61.5,62.2,"48,535",12.2,28%,2021
201-250,East Foxhill University,France,53.7,36.1,50.0,33.2,-,44.9,"41,520",9.2,13%,2021
157,East Glenrock University,Canada,52.4,48.5,54.8,51.2,51.7,52.4,"5,792",8.8,12%,2021
=99,East Greystone University,France,68.4,47.7,47.4,67.0,74.2,60.3,"22,779",8.5,7%,2021
=77,East Highgate University,Australia,67.9,56.1,64.5,63.6,53.8,64.3,"19,809",21.3,30%,2021
251-300,East Hollowmere University,United Kingdom,46.5,41.0,40.5,23.9,47.9,37.5,"52,781",14.4,36%,2021
=58,East Ironbridge University,Australia,58.5,78.9,72.4,69.9,49.4,67.4,"56,732",11.2,35%,2021
189,East Juniper University,United States,45.9,64.6,47.2,48.5,45.5,48.5,"49,379",22.6,16%,2021
152,East Kingsport University,United Kingdom,56.1,49.9,55.1,47.9,66.3,53.1,"32,240",22.5,11%,2021
6,East Marlow University,Japan,78.4,94.7,90.7,83.9,96.9,85.4,"30,551",18.9,22%,2021
=90,East Northfield University,France,59.6,62.6,72.1,53.8,61.9,61.9,"20,234",28.4,26%,2021
=56,East Pinecrest University,Australia,75.9,76.1,54.1,69.7,72.7,67.4,"47,833",15.2,42%,2021
=83,East Riverton University,United Kingdom,75.7,62.2,55.8,59.0,56.5,63.2,"8,130",26.1,40%,2021
52,East Stonebrook University,Canada,68.2,65.7,62.0,74.4,60.8,67.9,"18,253",7.8,41%,2021
162,East Upton University,Germany,58.4,57.8,45.1,48.1,48.5,51.0,"10,663",23.8,39%,2021
141,East Valemont University,Australia,52.9,53.4,52.8,57.6,50.4,54.3,"30,686",29.7,43%,2021
=184,East Westbury University,Japan,44.6,37.7,59.3,45.3,47.5,48.8,"19,829",26.3,22%,2021
=66,East Yarrow University,Japan,65.7,56.1,62.4,74.1,59.8,66.4,"14,633",19.9,4%,2021
201-250,Eastvale Institute of Technology,Australia,36.8,49.6,46.0,43.7,34.8,42.6,"25,017",21.0,6%,2021
119,Elmstead Institute of Technology,Canada,57.7,56.7,48.9,67.2,47.0,57.6,"52,122",14.5,19%,2021
50,Fairhaven Institute of Technology,Kazakhstan,66.7,67.6,67.2,70.5,74.8,68.3,"34,844",22.3,13%,2021
85,Glenrock Institute of Technology,United States,53.2,63.0,78.6,55.4,-,62.6,"49,108",24.5,9%,2021
=154,Greystone Institute of Technology,Germany,57.4,59.8,52.8,46.8,56.7,53.0,"55,605",30.0,43%,2021
88,Highgate Institute of Technology,Canada,63.8,61.0,67.5,54.4,69.0,62.0,"53,057",17.8,10%,2021
201-250,Hollowmere Institute of Technology,Kazakhstan,39.6,51.0,38.6,46.8,51.6,42.6,"23,439",7.5,43%,2021
23,Ironbridge Institute of Technology,Germany,69.8,79.8,87.2,72.3,74.7,76.7,"54,588",20.3,35%,2021
201-250,Kingsport Institute of Technology,Japan,43.9,43.3,42.6,36.1,35.6,40.9,"54,723",8.9,30%,2021
126,Lakeside Institute of Technology,Canada,58.3,51.6,45.9,65.7,47.4,56.1,"57,150",11.9,31%,2021
251-300,Marlow Institute of Technology,Japan,31.7,31.4,29.0,6.7,19.2,23.1,"22,756",13.9,16%,2021
251-300,National Aldermoor University,Australia,31.1,39.2,20.3,33.7,47.7,29.7,"16,245",23.5,30%,2021
=35,National Ashford University,France,70.9,85.3,80.6,61.9,-,72.1,"35,828",10.4,10%,2021
105,National Brightwater University,Germany,56.3,70.3,62.4,57.3,61.1,59.6,"54,464",10.0,42%,2021
251-300,National Clearwater University,France,42.3,44.1,30.3,36.9,41.0,37.2,"54,831",7.1,15%,2021
251-300,National Deepwell University,Japan,33.5,34.6,29.1,12.4,34.1,25.9,"36,512",27.0,13%,2021
251-300,National Dunmore University,Canada,20.2,6.6,7.5,9.7,5.4,11.9,"11,180",22.6,33%,2021
=133,National Eastvale University,Kazakhstan,53.2,50.4,52.9,60.0,53.6,54.9,"27,854",7.0,30%,2021
2,  National Fairhaven University ,Japan,97.0,85.7,99.0,99.4,93.6,97.4,"42,849",6.7,21%,2021
=107,National Glenrock University,Canada,50.3,58.8,64.7,63.4,52.1,59.2,"34,645",19.4,29%,2021
=143,National Highgate University,Japan,48.4,60.3,52.6,59.7,59.3,54.2,"22,274",12.8,9%,2021
64,National Hollowmere University,Kazakhstan,68.2,69.6,68.2,62.7,69.0,66.7,"21,866",20.3,31%,2021
251-300,National Juniper University,Japan,31.9,45.1,33.3,29.6,25.3,32.4,"6,366",16.4,14%,2021
173,National Kingsport University,France,44.0,50.9,69.0,34.7,-,49.7,"19,172",28.2,14%,2021
115,National Lakeside University,Canada,60.1,50.8,48.8,67.7,68.6,58.5,"41,049",12.9,9%,2021
=144,National Marlow University,Germany,48.4,53.3,64.4,50.3,52.5,54.2,"16,570",22.3,16%,2021
61,National Northfield University,France,61.2,65.3,80.5,58.1,80.6,66.9,"61,152",7.3,16%,2021
=102,National Oakridge University,France,61.5,60.9,57.0,61.4,61.2,60.1,"7,557",28.9,22%,2021
51,National Riverton University,Germany,61.1,75.5,82.2,59.5,65.2,68.1,"37,416",29.5,10%,2021
=176,National Stonebrook University,Australia,52.7,42.5,55.0,43.3,40.9,49.5,"31,087",23.7,10%,2021
11,National Thornbury University,United Kingdom,74.0,73.9,89.3,85.1,-,82.0,"51,148",17.2,25%,2021
33,National Upton University,Japan,69.7,69.3,78.5,68.9,83.0,72.4,"52,868",11.3,8%,2021
201-250,National Valemont University,United Kingdom,40.2,45.9,40.1,52.4,41.3,44.3,"33,991",25.5,32%,2021
201-250,National Westbury University,Australia,57.1,43.4,43.6,35.9,37.8,45.2,"38,628",23.7,43%,2021
28,National Yarrow University,France,67.2,70.7,82.6,74.7,77.9,74.6,"43,714",11.3,20%,2021
=129,  North Ashford University ,Australia,34.4,53.4,64.5,68.3,52.9,55.5,"33,522",16.8,41%,2021
59,North Brightwater University,France,57.6,70.0,69.8,74.0,59.2,67.2,"13,252",17.1,6%,2021
168,North Caldera University,France,50.9,46.5,46.2,55.9,35.6,50.3,"26,983",25.8,4%,2021
53,North Clearwater University,Kazakhstan,68.9,83.7,72.6,57.2,-,67.8,"16,543",22.4,33%,2021
=89,North Deepwell University,United States,60.6,60.4,71.7,55.7,38.8,61.9,"28,843",21.4,35%,2021
80,  North Dunmore University ,Canada,68.4,59.3,60.6,63.7,60.7,63.8,"38,175",21.6,38%,2021
24,North Eastvale University,Japan,60.9,62.0,90.3,80.4,76.4,76.0,"15,029",12.5,4%,2021
201-250,North Elmstead University,Kazakhstan,51.0,37.9,44.3,44.3,58.2,46.1,"17,245",14.9,35%,2021
251-300,North Fairhaven University,Kazakhstan,51.1,33.7,25.8,31.0,32.3,35.7,"51,242",7.1,18%,2021
201-250,NORTH FOXHILL UNIVERSITY,Japan,40.6,42.3,40.3,48.0,53.0,43.2,"23,964",24.9,15%,2021
138,North Glenrock University,Japan,59.5,71.1,48.5,51.6,-,54.7,"14,652",16.4,9%,2021
251-300,  North Greystone University ,Germany,26.1,29.4,32.6,26.2,29.1,28.4,"43,062",16.5,45%,2021
67,North Highgate University,Germany,56.4,76.2,65.5,73.7,70.0,66.1,"44,501",11.9,5%,2021
167,North Hollowmere University,Germany,50.9,55.0,55.2,44.4,48.3,50.5,"50,783",11.0,38%,2021
34,North Ironbridge University,Japan,87.6,74.6,54.7,73.2,81.4,72.3,"46,976",20.1,29%,2021
251-300,North Kingsport University,Kazakhstan,37.3,20.3,15.1,15.3,13.6,22.2,"59,493",11.6,34%,2021
192,North Lakeside University,Japan,40.1,45.2,56.9,48.3,46.0,48.1,"35,016",7.5,33%,2021
251-300,NORTH MARLOW UNIVERSITY,United Kingdom,47.8,45.0,33.3,34.1,38.8,38.9,"19,563",24.4,39%,2021
201-250,North Northfield University,United Kingdom,43.6,22.4,42.4,54.2,51.7,45.0,"52,328",15.0,10%,2021
=153,North Oakridge University,Canada,68.1,38.1,40.8,52.6,68.9,53.0,"17,582",15.1,2%,2021
=166,North Queensbury University,Japan,48.2,46.9,65.2,39.6,46.9,50.6,"19,006",16.4,28%,2021
=135,North Riverton University,Canada,52.6,54.4,54.4,58.8,37.8,54.8,"49,037",25.6,17%,2021
174,North Stonebrook University,Australia,54.2,53.0,52.2,42.2,40.8,49.6,"53,223",13.7,7%,2021
44,North Thornbury University,France,83.2,60.6,78.1,52.9,62.9,70.4,"22,492",24.2,10%,2021
201-250,North Upton University,Australia,43.6,34.5,45.9,38.1,40.2,41.9,"45,728",28.5,16%,2021
46,North Valemont University,Japan,64.9,74.5,69.7,71.3,68.7,69.1,"57,096",21.9,5%,2021
=39,  North Westbury University ,United Kingdom,77.4,72.4,62.7,76.4,57.5,71.8,"48,987",16.4,4%,2021
97,North Yarrow University,Germany,58.5,62.7,62.2,58.9,70.5,60.4,"3,339",23.9,41%,2021
=73,NORTHFIELD INSTITUTE OF TECHNOLOGY,Japan,59.6,74.2,70.1,64.6,55.7,65.3,"41,034",17.0,15%,2021
=110,Pacific Aldermoor University,Germany,65.6,61.5,56.8,53.1,64.9,58.9,"12,320",15.9,44%,2021
7,Pacific Ashford University,France,88.9,81.8,82.2,81.4,98.1,84.3,"51,185",18.6,43%,2021
123,  Pacific Bellmont University ,Australia,51.6,54.6,63.1,56.5,53.9,56.8,"6,745",13.6,8%,2021
201-250,Pacific Brightwater University,Kazakhstan,47.6,46.7,38.3,46.1,50.3,44.4,"58,458",8.5,33%,2021
=142,Pacific Clearwater University,Australia,46.1,46.2,61.1,58.4,44.0,54.2,"13,371",16.0,28%,2021
=196,Pacific Deepwell University,Kazakhstan,41.3,50.1,41.3,59.9,25.9,47.2,"26,376",9.0,32%,2021
251-300,Pacific Dunmore University,Canada,23.6,21.5,58.6,34.8,-,37.6,"16,086",15.9,6%,2021
=175,Pacific Eastvale University,Kazakhstan,52.9,37.1,52.7,46.8,41.7,49.5,"50,285",19.4,10%,2021
139,Pacific Fairhaven University,United Kingdom,49.5,50.3,64.3,51.8,45.8,54.6,"25,106",28.3,5%,2021
=182,Pacific Foxhill University,Canada,45.4,52.4,52.5,45.9,70.4,48.8,"44,972",6.9,28%,2021
=164,  Pacific Glenrock University ,Canada,52.0,54.2,47.4,51.6,57.1,50.8,"6,650",20.9,44%,2021
201-250,Pacific Greystone University,United Kingdom,43.5,30.8,50.0,35.9,47.6,42.3,"29,219",17.0,31%,2021
25,Pacific Highgate University,France,68.7,64.5,86.8,73.8,73.9,75.5,"53,601",6.5,33%,2021
=37,Pacific Hollowmere University,Australia,75.3,62.2,71.7,72.1,66.7,72.1,"57,364",12.0,44%,2021
181,Pacific Ironbridge University,Germany,43.2,74.7,47.9,48.8,62.4,49.1,"14,935",8.8,31%,2021
201-250,Pacific Juniper University,Canada,43.4,58.6,31.0,50.0,44.5,42.8,"25,912",11.2,4%,2021
=165,Pacific Marlow University,Canada,51.8,59.5,45.1,51.3,68.9,50.6,"25,996",12.6,39%,2021
=91,Pacific Northfield University,United States,56.3,55.7,48.8,81.7,59.8,61.7,"35,169",15.6,18%,2021
251-300,Pacific Pinecrest University,Canada,35.8,21.3,25.7,27.2,26.3,28.9,"33,868",18.7,2%,2021
158,Pacific Stonebrook University,France,45.1,36.6,63.5,52.5,44.1,52.2,"8,984",6.0,24%,2021
122,Pacific Thornbury University,Australia,63.5,56.5,60.6,48.3,43.7,57.1,"46,769",9.9,42%,2021
201-250,Pacific Upton University,Australia,44.4,33.0,29.1,63.0,-,44.5,"15,910",8.2,13%,2021
=145,Pacific Westbury University,Canada,38.5,55.5,58.6,64.7,55.4,54.1,"21,264",19.2,23%,2021
251-300,Pacific Yarrow University,United States,10.8,15.0,18.6,23.4,16.5,17.4,"51,771",13.9,9%,2021
16,Pinecrest Institute of Technology,Australia,78.0,72.0,93.6,68.8,76.7,79.5,"41,705",19.2,4%,2021
68,Queensbury Institute of Technology,United States,68.0,75.0,57.8,68.8,72.9,65.8,"25,000",11.3,5%,2021
201-250,Riverton Institute of Technology,Japan,49.0,55.2,44.8,39.5,33.1,45.0,"56,538",6.6,33%,2021
70,Royal Ashford University,United States,53.8,62.6,72.5,71.7,52.8,65.4,"25,219",28.6,39%,2021
251-300,Royal Bellmont University,United States,20.5,9.5,23.2,25.6,20.4,22.0,"34,684",8.6,8%,2021
201-250,Royal Brightwater University,Germany,47.8,45.6,45.7,41.5,43.1,45.0,"17,344",9.0,14%,2021
251-300,Royal Clearwater University,France,39.9,39.8,45.1,25.2,39.0,37.0,"13,318",9.5,10%,2021
251-300,Royal Deepwell University,Germany,27.7,44.4,37.3,26.8,40.7,31.9,"31,149",29.6,3%,2021
43,  Royal Eastvale University ,Kazakhstan,58.6,69.4,77.2,75.6,75.8,70.5,"35,779",20.8,26%,2021
8,Royal Elmstead University,France,87.0,72.1,74.9,93.0,91.5,84.2,"49,287",20.6,32%,2021
201-250,Royal Fairhaven University,Japan,43.0,31.3,38.6,41.9,32.1,40.2,"25,134",29.7,30%,2021
251-300,Royal Foxhill University,United Kingdom,36.9,46.0,37.6,34.8,39.5,37.2,"53,768",8.1,19%,2021
=124,Royal Glenrock University,Canada,38.4,63.2,67.6,62.1,59.2,56.6,"38,196",29.4,26%,2021
17,Royal Greystone University,United Kingdom,65.4,77.8,81.6,89.9,83.1,79.0,"6,847",10.9,6%,2021
251-300,Royal Highgate University,Germany,25.8,45.3,26.0,12.9,33.9,23.7,"44,286",21.0,9%,2021
=93,Royal Hollowmere University,Canada,58.3,68.7,62.4,61.2,64.6,61.3,"36,723",16.1,42%,2021
29,Royal Ironbridge University,Germany,75.4,78.1,73.0,73.4,77.4,74.3,"24,963",15.2,35%,2021
251-300,Royal Juniper University,Japan,28.8,37.0,22.9,31.7,38.3,28.8,"29,088",28.3,42%,2021
251-300,Royal Kingsport University,France,30.5,50.6,28.5,15.2,34.3,26.9,"19,790",9.6,41%,2021
201-250,Royal Lakeside University,France,54.6,60.4,31.9,40.3,49.7,43.8,"37,700",29.9,30%,2021
201-250,Royal Marlow University,United States,41.6,35.1,44.7,39.5,51.6,41.7,"34,383",15.1,42%,2021
=98,Royal Northfield University,Australia,59.6,58.5,58.9,62.7,61.2,60.3,"27,643",21.6,20%,2021
=111,Royal Oakridge University,Japan,59.4,68.2,62.3,54.0,40.7,58.9,"19,614",29.2,2%,2021
251-300,Royal Queensbury University,United Kingdom,16.6,23.2,23.6,27.3,40.5,23.0,"25,896",7.4,5%,2021
113,Royal Riverton University,Germany,62.2,50.7,55.2,60.7,64.1,58.8,"31,374",28.1,7%,2021
=194,Royal Stonebrook University,United Kingdom,47.1,46.0,46.7,51.2,35.0,47.8,"29,843",19.6,6%,2021
20,Royal Thornbury University,Canada,75.1,78.0,84.3,72.6,71.5,77.2,"20,994",22.9,17%,2021
201-250,Royal Upton University,France,54.4,45.0,42.3,39.3,50.6,45.4,"36,927",9.6,32%,2021
201-250,  Royal Valemont University ,Kazakhstan,39.6,35.8,38.2,40.4,37.3,39.1,"15,826",18.8,36%,2021
117,Royal Westbury University,Canada,75.8,51.2,60.6,40.3,54.6,58.2,"31,373",22.2,27%,2021
82,Royal Yarrow University,Australia,68.3,63.1,49.8,70.9,76.5,63.3,"10,224",16.9,8%,2021
120,South Aldermoor University,France,51.1,54.7,61.2,60.8,52.0,57.4,"30,030",9.7,34%,2021
251-300,South Ashford University,United Kingdom,26.0,41.4,35.2,23.5,22.3,29.1,"47,640",11.9,17%,2021
=95,South Brightwater University,Kazakhstan,52.5,65.3,61.0,68.9,61.7,61.2,"50,838",26.5,3%,2021
251-300,South Caldera University,United States,32.2,45.7,34.1,16.8,-,29.3,"43,734",6.8,14%,2021
=76,South Clearwater University,Australia,66.4,61.6,72.6,54.4,67.9,64.3,"45,622",23.0,16%,2021
251-300,South Deepwell University,France,35.4,26.5,32.5,28.4,36.0,31.8,"6,602",30.0,14%,2021
=177,South Eastvale University,Canada,54.7,53.5,37.2,54.6,59.1,49.5,"22,918",6.2,37%,2021
201-250,South Elmstead University,Kazakhstan,51.0,26.4,33.7,48.7,51.8,43.3,"40,080",9.9,35%,2021
201-250,SOUTH FAIRHAVEN UNIVERSITY,Kazakhstan,51.5,26.2,43.7,36.7,38.0,42.5,"47,908",22.2,32%,2021
75,South Foxhill University,United Kingdom,72.5,46.3,56.1,69.1,63.2,64.4,"36,583",7.4,8%,2021
=92,South Glenrock University,Japan,58.3,36.4,68.3,65.3,56.5,61.7,"53,021",20.2,37%,2021
=163,South Greystone University,Kazakhstan,56.8,36.6,47.0,52.6,46.4,50.8,"18,221",22.4,31%,2021
104,South Highgate University,Canada,52.3,83.6,52.8,67.1,75.8,59.8,"12,080",20.1,10%,2021
251-300,South Hollowmere University,Japan,40.6,44.8,29.7,23.8,46.1,32.7,"8,109",14.8,30%,2021
169,South Ironbridge University,Kazakhstan,53.0,63.7,32.6,60.5,54.3,50.0,"36,335",22.7,23%,2021
=55,South Kingsport University,Kazakhstan,61.4,65.6,67.8,75.1,56.4,67.6,"41,897",20.3,21%,2021
201-250,South Marlow University,United Kingdom,37.0,49.2,43.7,49.6,45.1,43.9,"18,910",11.0,7%,2021
116,South Northfield University,Canada,59.9,56.2,60.5,54.8,63.3,58.3,"48,730",19.5,24%,2021
103,South Oakridge University,Australia,63.4,53.1,58.3,60.5,49.3,59.9,"45,141",27.2,6%,2021
=96,South Queensbury University,United Kingdom,50.7,64.2,66.5,64.6,72.4,61.2,"23,079",22.0,9%,2021
=27,South Riverton University,United States,74.5,71.6,67.7,84.9,71.6,75.3,"16,542",17.3,8%,2021
251-300,South Stonebrook University,France,39.0,44.5,21.9,29.7,-,31.5,"45,912",13.7,43%,2021
251-300,South Upton University,United Kingdom,23.1,26.3,32.7,24.9,33.8,27.0,"40,531",8.1,14%,2021
18,South Valemont University,United States,79.0,68.7,79.0,79.9,75.6,78.4,"12,646",11.9,17%,2021
1,South Westbury University,United Kingdom,98.9,85.7,97.8,100.0,-,97.9,"17,387",6.3,16%,2021
201-250,State Aldermoor University,Kazakhstan,54.9,36.1,53.4,35.3,44.2,46.9,"31,139",29.7,41%,2021
251-300,State Ashford University,United States,38.8,28.8,17.7,31.5,28.8,29.3,"31,827",11.3,26%,2021
=125,State Brightwater University,Japan,51.8,50.1,65.5,55.0,45.1,56.6,"12,582",25.6,42%,2021
201-250,State Caldera University,France,54.6,43.4,36.5,49.9,46.8,46.7,"56,708",10.0,15%,2021
190,State Deepwell University,Canada,40.2,50.7,52.1,52.1,52.1,48.4,"24,876",12.8,7%,2021
251-300,State Dunmore University,Australia,41.1,43.5,25.9,39.2,44.9,36.3,"24,932",16.0,26%,2021
42,State Eastvale University,Japan,71.6,68.7,59.8,81.0,71.0,70.6,"6,419",13.8,17%,2021
=63,State Elmstead University,Kazakhstan,65.9,75.2,75.5,56.4,73.1,66.8,"53,250",25.2,36%,2021
251-300,State Fairhaven University,United Kingdom,31.9,43.3,31.1,26.2,31.6,30.8,"16,152",29.0,40%,2021
=38,State Glenrock University,France,75.4,61.2,74.6,68.5,68.1,71.8,"57,497",27.0,22%,2021
5,  State Greystone University ,Kazakhstan,86.4,97.1,79.5,87.9,93.7,85.8,"31,384",9.7,44%,2021
114,State Hollowmere University,France,69.0,55.8,59.6,47.5,62.1,58.6,"52,395",24.6,26%,2021
127,State Juniper University,Canada,57.9,60.8,63.2,45.0,48.5,55.6,"13,190",9.6,14%,2021
=134,State Kingsport University,United States,53.8,59.1,60.9,48.9,53.0,54.9,"12,230",27.9,23%,2021
100,  State Marlow University ,Australia,67.4,63.0,50.1,62.7,56.8,60.2,"48,381",18.4,4%,2021
251-300,State Northfield University,Australia,5.0,15.5,19.3,20.4,35.1,15.5,"50,739",14.1,37%,2021
=84,State Oakridge University,Kazakhstan,64.6,60.8,67.6,58.5,56.5,63.2,"33,905",9.8,6%,2021
201-250,State Pinecrest University,Kazakhstan,21.0,39.1,54.4,55.7,51.7,43.5,"4,867",6.3,15%,2021
=36,State Queensbury University,Canada,67.1,89.0,69.9,74.5,81.1,72.1,"57,005",12.0,26%,2021
151,State Riverton University,France,56.8,63.7,44.1,55.7,60.2,53.3,"25,726",27.9,4%,2021
13,STATE STONEBROOK UNIVERSITY,Kazakhstan,87.3,73.0,77.3,80.0,75.2,80.7,"55,687",25.1,5%,2021
251-300,State Thornbury University,Canada,26.4,41.9,31.9,39.9,27.9,33.3,"51,730",29.3,32%,2021
106,State Upton University,Germany,58.0,58.7,52.1,68.0,62.3,59.4,"51,404",8.4,5%,2021
86,State Yarrow University,Canada,75.1,55.6,56.3,57.5,65.8,62.5,"42,963",20.2,23%,2021
201-250,Stonebrook Institute of Technology,Japan,40.5,52.0,42.5,40.3,47.0,42.0,"42,592",12.2,17%,2021
74,Technical Aldermoor University,Kazakhstan,74.2,56.4,61.0,61.6,49.3,64.5,"33,297",19.0,12%,2021
40,Technical Clearwater University,Canada,69.5,84.8,71.8,67.8,74.7,71.0,"4,471",13.7,10%,2021
201-250,Technical Deepwell University,France,52.4,42.1,40.6,28.8,40.1,40.7,"25,038",12.8,35%,2021
251-300,Technical Dunmore University,Australia,39.2,34.4,22.4,29.0,23.2,30.3,"45,277",19.8,43%,2021
=185,Technical Elmstead University,Kazakhstan,53.2,52.9,50.1,42.4,43.6,48.8,"49,187",10.4,8%,2021
201-250,Technical Fairhaven University,Germany,34.1,47.3,33.8,52.2,52.3,40.9,"34,377",17.3,43%,2021
201-250,Technical Glenrock University,Germany,47.2,42.6,36.3,52.9,50.6,45.4,"43,090",21.6,28%,2021
180,Technical Highgate University,United Kingdom,51.7,53.6,40.9,53.1,57.6,49.2,"4,119",9.1,30%,2021
251-300,Technical Hollowmere University,Germany,16.9,24.0,19.2,25.6,35.1,21.2,"30,470",28.3,33%,2021
251-300,Technical Ironbridge University,Australia,30.9,21.0,18.6,27.3,51.4,25.9,"31,613",18.1,32%,2021
=65,Technical Kingsport University,Australia,59.6,70.7,65.9,74.0,48.5,66.4,"53,142",25.7,37%,2021
150,Technical Lakeside University,Australia,58.7,54.9,54.4,48.2,41.8,53.5,"20,634",21.7,23%,2021
251-300,Technical Marlow University,Germany,17.0,17.4,1.0,18.4,12.9,12.5,"16,398",23.0,25%,2021
=47,Technical Northfield University,Kazakhstan,64.7,80.1,67.0,72.4,59.0,68.7,"22,808",23.2,16%,2021
=128,Technical Oakridge University,France,58.6,66.7,52.0,53.9,48.2,55.5,"12,492",27.0,7%,2021
=197,Technical Pinecrest University,United States,48.9,42.6,52.0,41.9,44.9,47.2,"35,821",20.7,31%,2021
251-300,Technical Queensbury University,Canada,42.2,37.3,35.8,28.2,23.8,35.3,"39,380",12.7,3%,2021
121,Technical Riverton University,France,59.9,65.2,52.9,55.9,69.4,57.2,"47,553",8.4,14%,2021
=178,Technical Stonebrook University,Kazakhstan,55.0,60.6,47.1,42.6,-,49.4,"57,700",20.6,6%,2021
3,Technical Upton University,Kazakhstan,95.8,81.3,82.3,87.7,90.9,88.1,"7,200",7.6,10%,2021
45,Technical Valemont University,Kazakhstan,58.3,73.2,73.9,75.4,64.1,69.4,"16,622",11.8,29%,2021
118,Technical Westbury University,Germany,49.8,63.3,46.6,75.1,71.6,58.0,"20,535",7.5,29%,2021
191,Thornbury Institute of Technology,Kazakhstan,53.3,51.3,52.0,38.6,49.0,48.2,"16,890",19.2,20%,2021
15,University of Ashford,Australia,74.0,79.8,82.1,82.4,87.5,79.7,"51,147",9.8,6%,2021
=108,University of Bellmont,Japan,51.7,45.4,57.2,71.6,65.6,59.2,"11,188",20.6,21%,2021
31,University of Brightwater,France,73.0,55.0,82.3,71.7,56.9,73.6,"4,674",25.0,17%,2021
=199,University of Clearwater,Australia,54.4,52.8,39.5,46.4,38.1,47.0,"52,430",25.7,33%,2021
201-250,University of Deepwell,France,49.8,52.1,48.0,31.2,33.4,43.4,"57,353",13.4,27%,2021
201-250,University of Elmstead,Germany,54.9,50.1,33.9,48.6,48.2,46.2,"15,814",19.2,23%,2021
=146,University of Fairhaven,United States,56.8,58.2,45.7,57.7,65.3,54.1,"22,494",19.5,23%,2021
9,University of Foxhill,Australia,80.8,81.1,89.1,81.3,76.2,83.4,"31,681",17.3,44%,2021
=171,University of Glenrock,Germany,51.3,65.0,47.9,45.1,69.7,49.9,"32,283",21.7,35%,2021
186,University of Greystone,Kazakhstan,42.1,54.1,46.5,55.9,52.1,48.7,"59,940",11.0,23%,2021
=78,University of Highgate,Canada,66.4,58.7,53.2,74.5,-,64.3,"25,968",29.5,23%,2021
201-250,University of Ironbridge,Australia,62.4,45.4,34.4,42.2,42.5,46.2,"3,597",8.4,3%,2021
32,University of Kingsport,France,87.1,70.1,70.6,61.5,58.9,72.5,"27,149",25.9,43%,2021
251-300,University of Lakeside,France,30.2,5.9,12.4,1.0,20.0,14.0,"35,594",20.3,16%,2021
=195,University of Northfield,Kazakhstan,43.8,51.2,52.1,46.9,44.6,47.8,"32,517",11.9,13%,2021
=160,University of Queensbury,Australia,49.9,54.4,55.5,50.2,30.4,51.5,"31,676",23.9,45%,2021
251-300,University of Stonebrook,Australia,25.9,6.1,22.0,6.7,18.0,17.3,"54,894",8.0,33%,2021
251-300,University of Thornbury,Canada,39.7,29.8,31.3,32.2,36.4,34.1,"47,798",24.6,4%,2021
201-250,University of Upton,Australia,39.6,33.5,50.6,34.8,37.1,40.9,"17,676",20.2,5%,2021
156,  University of Valemont ,Australia,62.1,48.2,48.5,48.3,50.0,52.5,"23,827",8.7,3%,2021
30,University of Yarrow,United Kingdom,74.0,73.8,76.8,70.9,69.1,73.8,"40,299",7.9,28%,2021
=131,Upton Institute of Technology,Kazakhstan,48.0,35.7,60.6,62.2,51.7,55.2,"27,042",24.0,5%,2021
=198,West Aldermoor University,United Kingdom,38.1,46.4,53.2,50.1,43.4,47.0,"27,588",13.0,42%,2021
=147,West Bellmont University,Germany,57.6,61.9,43.9,57.1,65.0,53.8,"12,248",27.3,42%,2021
21,West Brightwater University,Kazakhstan,72.7,70.9,75.5,84.1,85.4,77.1,"17,480",24.3,25%,2021
201-250,West Clearwater University,Kazakhstan,43.3,21.2,54.3,36.2,36.7,42.6,"45,328",22.8,29%,2021
=187,  West Deepwell University ,Canada,49.3,33.7,54.2,47.0,37.8,48.6,"50,983",12.7,15%,2021
=71,West Eastvale University,Japan,61.4,69.2,68.8,64.9,65.1,65.3,"48,729",23.0,5%,2021
=137,West Elmstead University,Japan,61.5,30.0,55.6,53.2,56.9,54.8,"20,424",28.8,34%,2021
=79,West Fairhaven University,Canada,65.6,60.7,61.9,66.6,60.7,64.3,"10,578",8.2,6%,2021
=183,West Foxhill University,Japan,47.2,43.4,52.9,46.9,57.7,48.8,"11,847",13.8,6%,2021
22,West Glenrock University,Canada,79.7,76.4,72.6,78.4,79.9,76.9,"25,415",11.6,15%,2021
201-250,West Greystone University,Kazakhstan,36.5,34.9,38.8,46.0,47.6,40.2,"31,896",15.4,3%,2021
=188,West Highgate University,Australia,44.6,60.4,59.2,37.3,-,48.6,"54,310",23.8,21%,2021
149,West Ironbridge University,United Kingdom,45.0,54.3,50.2,65.9,46.1,53.6,"55,619",17.4,32%,2021
251-300,West Juniper University,Germany,26.3,52.5,39.7,10.2,35.6,27.7,"3,107",19.7,36%,2021
251-300,West Kingsport University,Australia,32.2,30.9,56.0,25.1,30.5,37.1,"43,115",13.5,28%,2021
=57,West Lakeside University,Canada,64.6,69.9,56.7,80.2,67.7,67.4,"20,141",9.4,38%,2021
161,West Marlow University,Kazakhstan,49.0,38.1,54.9,54.2,45.7,51.4,"14,640",12.4,19%,2021
251-300,West Northfield University,Germany,42.4,45.5,26.0,18.5,20.6,30.0,"35,597",26.6,38%,2021
=159,West Oakridge University,Kazakhstan,56.3,47.2,56.9,42.5,51.3,51.5,"5,056",20.5,24%,2021
14,West Pinecrest University,United States,75.9,71.0,78.8,89.6,69.5,80.3,"21,927",15.1,12%,2021
251-300,West Queensbury University,Kazakhstan,23.4,17.9,25.3,1.9,21.5,17.0,"35,441",25.0,43%,2021
251-300,West Riverton University,Canada,30.1,15.4,35.4,33.6,23.6,31.5,"18,078",7.5,14%,2021
201-250,West Thornbury University,Japan,29.6,49.1,52.3,51.9,36.6,44.7,"37,414",12.1,3%,2021
19,West Upton University,France,73.2,89.8,87.4,68.6,79.5,77.5,"28,364",11.5,12%,2021
201-250,West Valemont University,Canada,42.1,65.0,39.5,51.1,57.8,46.2,"49,523",29.6,18%,2021
69,West Westbury University,Japan,64.3,57.2,78.5,55.4,71.0,65.5,"13,137",22.9,17%,2021
201-250,West Yarrow University,Japan,43.7,39.0,46.4,49.1,59.5,46.2,"6,348",20.8,25%,2021
201-250,Westbury Institute of Technology,Kazakhstan,42.6,44.6,45.8,42.0,40.9,43.5,"34,164",6.1,40%,2021
109,Yarrow Institute of Technology,Kazakhstan,71.0,48.7,55.1,53.2,67.1,59.1,"18,107",10.4,15%,2021
149,Aldermoor Institute of Technology,Canada,61.0,59.6,47.2,49.9,54.6,53.3,"38,952",19.8,29%,2022
164,Ashford Institute of Technology,Japan,57.5,46.2,54.6,44.2,38.8,51.3,"8,054",8.2,18%,2022
251-300,Caldera Institute of Technology,Australia,31.2,38.7,40.0,38.8,45.2,37.0,"26,566",26.3,42%,2022
=65,Central Aldermoor University,Canada,69.7,62.0,66.2,64.9,56.5,66.3,"51,093",10.2,35%,2022
178,Central Ashford University,Germany,44.8,42.9,55.7,48.7,56.1,49.4,"46,746",24.4,21%,2022
201-250,Central Caldera University,Australia,52.9,57.0,51.5,33.9,40.7,46.8,"38,679",14.7,34%,2022
201-250,Central Clearwater University,Japan,45.9,34.2,43.4,41.8,31.0,42.7,"52,526",24.8,44%,2022
201-250,Central Deepwell University,United States,28.7,46.8,63.7,38.6,37.5,43.7,"48,699",11.0,22%,2022
=125,Central Dunmore University,Japan,44.0,65.2,62.0,61.2,56.4,56.4,"40,447",10.5,30%,2022
=137,Central Elmstead University,France,64.8,47.4,54.7,47.3,44.1,54.7,"51,671",17.9,42%,2022
87,Central Fairhaven University,Australia,68.8,64.8,61.4,56.9,58.2,62.5,"10,304",6.8,13%,2022
185,Central Glenrock University,Australia,48.4,66.5,58.3,34.9,48.2,48.7,"48,172",11.4,40%,2022
28,Central Greystone University,United Kingdom,61.6,79.3,77.8,83.8,59.9,74.4,"19,758",23.4,6%,2022
201-250,Central Highgate University,Australia,49.4,45.6,43.5,37.8,47.4,43.8,"43,513",26.1,30%,2022
251-300,Central Hollowmere University,United Kingdom,38.2,25.9,49.5,28.2,19.5,37.2,"55,960",7.9,36%,2022
=56,Central Ironbridge University,Canada,80.3,63.3,65.3,59.2,62.4,67.8,"31,502",27.2,28%,2022
172,Central Juniper University,Canada,50.0,52.6,41.9,57.1,42.5,49.7,"8,207",25.1,23%,2022
41,Central Lakeside University,Germany,68.3,61.5,77.0,68.5,66.7,70.4,"24,738",26.9,29%,2022
90,Central Marlow University,United States,58.4,64.8,64.0,62.5,80.4,62.3,"25,859",22.8,9%,2022
201-250,Central Northfield University,Kazakhstan,52.9,38.3,44.5,42.5,54.6,46.2,"54,817",22.2,11%,2022
=92,Central Oakridge University,Germany,57.1,60.0,61.7,66.6,58.3,61.6,"56,936",18.6,14%,2022
11,Central Queensbury University,United Kingdom,76.7,86.1,74.4,93.7,76.0,81.8,"35,605",21.7,28%,2022
16,Central Riverton University,United Kingdom,91.8,95.3,73.9,70.4,78.2,79.9,"55,755",28.1,21%,2022
53,Central Stonebrook University,Germany,73.3,43.1,74.6,62.5,62.5,67.9,"27,999",8.4,13%,2022
156,Central Thornbury University,United Kingdom,63.7,62.4,51.3,40.2,49.0,52.5,"26,014",13.6,40%,2022
47,  Central Upton University ,Japan,64.3,72.5,65.0,76.7,78.9,69.2,"51,605",7.7,18%,2022
201-250,CLEARWATER INSTITUTE OF TECHNOLOGY,Germany,48.4,45.5,40.5,27.8,-,39.3,"41,737",28.7,21%,2022
=71,  Deepwell Institute of Technology ,United States,66.9,60.7,62.6,69.7,59.6,65.8,"32,002",16.7,20%,2022
128,Dunmore Institute of Technology,United States,58.4,56.6,52.1,57.5,50.4,55.9,"28,462",22.2,10%,2022
=123,East Aldermoor University,Japan,61.0,49.3,45.3,65.5,56.8,56.7,"44,478",26.2,33%,2022
201-250,East Ashford University,United States,50.6,52.8,46.0,31.9,36.0,43.4,"46,207",29.8,21%,2022
251-300,East Bellmont University,Canada,37.7,32.9,20.6,32.1,31.9,30.4,"31,411",9.9,3%,2022
251-300,East Brightwater University,United States,30.7,34.0,30.5,36.1,-,32.3,"4,739",25.2,43%,2022
201-250,East Caldera University,United Kingdom,42.1,35.5,38.7,47.5,31.5,41.9,"8,644",27.3,37%,2022
201-250,East Clearwater University,United Kingdom,34.6,49.1,53.5,48.3,56.4,46.0,"11,283",7.2,33%,2022
=161,East Deepwell University,Germany,52.2,43.7,48.4,56.0,50.4,51.5,"29,017",24.1,39%,2022
4,East Dunmore University,Canada,81.3,90.2,93.0,82.7,-,85.9,"39,147",14.5,41%,2022
=67,East Eastvale University,Germany,57.9,78.8,71.4,65.9,64.8,66.1,"48,974",21.6,17%,2022
201-250,East Elmstead University,United States,57.1,40.6,45.8,31.8,44.4,44.6,"16,010",18.3,28%,2022
102,East Fairhaven University,Australia,73.1,57.0,49.7,58.5,58.6,60.1,"47,615",12.2,28%,2022
201-250,East Foxhill University,France,56.1,36.2,46.9,30.1,42.1,43.7,"41,116",9.2,13%,2022
=145,East Glenrock University,Canada,53.6,51.6,55.2,53.5,50.3,53.8,"6,105",8.8,12%,2022
=95,East Greystone University,France,68.2,47.3,50.0,66.8,75.2,60.9,"22,591",8.5,7%,2022
81,East Highgate University,Australia,69.6,53.9,64.1,61.2,55.7,63.9,"20,238",21.3,30%,2022
251-300,East Hollowmere University,United Kingdom,47.2,40.6,36.8,22.4,45.2,36.1,"52,816",14.4,36%,2022
66,East Ironbridge University,Australia,55.2,77.8,71.5,70.3,51.8,66.2,"54,655",11.2,35%,2022
=174,East Juniper University,United States,46.7,62.7,47.9,51.0,47.1,49.6,"50,339",22.6,16%,2022
=154,East Kingsport University,United Kingdom,56.2,49.7,54.5,47.6,65.2,52.8,"32,107",22.5,11%,2022
10,East Marlow University,Japan,78.5,94.5,86.4,79.7,91.6,82.8,"31,901",18.9,22%,2022
=79,East Northfield University,France,62.9,66.1,74.3,54.6,61.1,64.0,"21,039",28.4,26%,2022
52,East Pinecrest University,Australia,77.9,73.8,54.3,70.5,71.6,68.1,"46,112",15.2,42%,2022
=75,East Riverton University,United Kingdom,75.6,63.9,59.2,60.9,60.3,65.0,"8,016",26.1,40%,2022
46,East Stonebrook University,Canada,73.1,67.0,61.2,75.9,61.4,69.6,"18,664",7.8,41%,2022
=162,East Upton University,Germany,58.7,58.1,44.1,50.5,47.3,51.5,"10,540",23.8,39%,2022
147,East Valemont University,Australia,53.5,50.7,52.0,56.0,-,53.5,"31,492",29.7,43%,2022
192,East Westbury University,Japan,44.4,34.8,58.4,44.6,45.4,48.0,"20,000",26.3,22%,2022
50,  East Yarrow University ,Japan,68.3,56.5,66.9,74.5,61.8,68.7,"14,068",19.9,4%,2022
201-250,Eastvale Institute of Technology,Australia,35.6,50.2,47.7,47.2,35.0,43.8,"24,464",21.0,6%,2022
=126,Elmstead Institute of Technology,Canada,57.4,56.2,46.1,66.5,46.4,56.4,"50,984",14.5,19%,2022
=55,Fairhaven Institute of Technology,Kazakhstan,66.4,69.7,66.9,68.9,75.8,67.8,"34,682",22.3,13%,2022
=89,Glenrock Institute of Technology,United States,54.2,63.0,76.7,55.4,72.3,62.4,"49,782",24.5,9%,2022
=153,Greystone Institute of Technology,Germany,57.7,57.5,51.5,47.6,59.9,52.8,"56,535",30.0,43%,2022
94,Highgate Institute of Technology,Canada,61.7,61.0,66.6,55.8,67.1,61.5,"52,926",17.8,10%,2022
201-250,Hollowmere Institute of Technology,Kazakhstan,41.5,50.9,38.3,44.9,52.1,42.5,"23,561",7.5,43%,2022
=22,Ironbridge Institute of Technology,Germany,69.7,81.2,88.9,71.5,75.7,77.0,"51,958",20.3,35%,2022
201-250,Kingsport Institute of Technology,Japan,47.0,46.0,45.4,38.2,38.5,43.6,"55,235",8.9,30%,2022
143,Lakeside Institute of Technology,Canada,57.8,53.7,44.1,61.2,43.9,54.1,"59,033",11.9,31%,2022
251-300,Marlow Institute of Technology,Japan,33.6,29.7,28.3,7.4,19.3,23.5,"22,887",13.9,16%,2022
251-300,National Aldermoor University,Australia,32.4,39.4,18.5,34.0,47.6,29.6,"15,941",23.5,30%,2022
31,National Ashford University,France,71.3,86.6,82.3,64.2,67.0,73.5,"36,606",10.4,10%,2022
=111,National Brightwater University,Germany,57.4,67.4,60.3,56.9,58.7,58.9,"56,121",10.0,42%,2022
251-300,National Clearwater University,France,40.8,42.3,27.2,33.1,39.1,34.5,"54,885",7.1,15%,2022
251-300,  National Deepwell University ,Japan,35.3,36.7,26.9,12.8,33.8,26.1,"35,824",27.0,13%,2022
251-300,National Dunmore University,Canada,24.7,8.3,8.9,10.0,7.3,13.9,"11,600",22.6,33%,2022
136,National Eastvale University,Kazakhstan,53.1,51.5,52.2,60.9,54.3,55.1,"27,265",7.0,30%,2022
2,National Fairhaven University,Japan,98.1,87.3,95.5,100.0,96.4,97.0,"43,259",6.7,21%,2022
107,National Glenrock University,Canada,50.8,55.8,65.9,62.6,52.4,59.3,"33,907",19.4,29%,2022
=138,National Highgate University,Japan,49.1,62.8,51.0,61.4,58.7,54.7,"22,179",12.8,9%,2022
=70,National Hollowmere University,Kazakhstan,66.8,67.8,67.5,62.4,68.3,65.8,"23,087",20.3,31%,2022
251-300,National Juniper University,Japan,29.0,43.8,33.3,31.9,25.9,32.2,"6,388",16.4,14%,2022
=171,National Kingsport University,France,44.8,50.8,68.9,34.0,65.5,49.8,"19,312",28.2,14%,2022
=100,National Lakeside University,Canada,62.8,50.5,51.3,69.3,67.5,60.5,"41,547",12.9,9%,2022
141,National Marlow University,Germany,47.8,53.1,65.4,50.5,-,54.4,"16,991",22.3,16%,2022
58,National Northfield University,France,63.5,67.5,79.6,58.3,81.4,67.5,"58,959",7.3,16%,2022
=98,National Oakridge University,France,62.7,64.0,55.3,62.6,62.5,60.5,"7,742",28.9,22%,2022
=61,National Riverton University,Germany,60.7,75.2,81.6,57.7,66.5,67.3,"36,208",29.5,10%,2022
181,National Stonebrook University,Australia,52.2,41.8,52.9,44.5,39.8,49.0,"31,869",23.7,10%,2022
8,National Thornbury University,United Kingdom,76.7,76.9,89.4,87.3,78.1,83.7,"49,674",17.2,25%,2022
35,National Upton University,Japan,70.2,68.6,80.2,67.0,83.9,72.5,"53,189",11.3,8%,2022
201-250,National Valemont University,United Kingdom,40.8,47.1,38.4,52.4,40.9,44.1,"33,023",25.5,32%,2022
201-250,National Westbury University,Australia,57.5,44.5,45.0,36.0,37.9,45.8,"39,858",23.7,43%,2022
=29,National Yarrow University,France,65.7,72.2,83.0,73.4,80.6,74.0,"41,865",11.3,20%,2022
134,North Ashford University,Australia,34.2,49.5,67.1,67.1,50.4,55.5,"32,793",16.8,41%,2022
83,North Brightwater University,France,53.1,65.2,65.7,72.0,61.6,63.7,"13,594",17.1,6%,2022
=170,North Caldera University,France,51.7,44.8,44.8,55.4,35.7,49.8,"28,079",25.8,4%,2022
=62,North Clearwater University,Kazakhstan,70.6,86.2,69.4,56.3,76.7,67.3,"17,049",22.4,33%,2022
82,  North Deepwell University ,United States,62.2,59.0,72.7,59.8,39.6,63.8,"28,712",21.4,35%,2022
=80,North Dunmore University,Canada,69.5,59.7,62.9,61.0,61.3,64.0,"36,944",21.6,38%,2022
24,North Eastvale University,Japan,62.2,62.2,89.3,81.9,76.6,76.6,"14,743",12.5,4%,2022
201-250,North Elmstead University,Kazakhstan,48.1,38.1,44.6,46.1,59.0,46.0,"17,575",14.9,35%,2022
251-300,North Fairhaven University,Kazakhstan,49.8,33.6,25.1,27.8,31.5,34.1,"49,198",7.1,18%,2022
201-250,North Foxhill University,Japan,38.3,45.3,42.7,47.4,52.7,43.2,"24,379",24.9,15%,2022
=146,North Glenrock University,Japan,58.6,72.6,48.0,49.4,60.6,53.8,"14,289",16.4,9%,2022
251-300,North Greystone University,Germany,27.6,29.7,32.0,25.1,29.8,28.4,"44,791",16.5,45%,2022
=64,North Highgate University,Germany,58.5,77.7,64.8,72.6,69.3,66.3,"43,005",11.9,5%,2022
144,North Hollowmere University,Germany,53.0,54.7,60.1,49.4,47.8,54.0,"50,391",11.0,38%,2022
34,North Ironbridge University,Japan,86.9,76.5,54.7,74.8,84.9,72.8,"46,597",20.1,29%,2022
251-300,North Kingsport University,Kazakhstan,35.8,22.3,15.5,15.1,13.2,21.9,"58,002",11.6,34%,2022
186,North Lakeside University,Japan,41.7,46.9,56.6,48.0,50.0,48.6,"36,146",7.5,33%,2022
201-250,North Marlow University,United Kingdom,50.3,46.1,32.9,35.1,40.7,40.0,"19,216",24.4,39%,2022
201-250,North Northfield University,United Kingdom,43.7,22.2,43.5,54.9,50.1,45.5,"50,896",15.0,10%,2022
158,North Oakridge University,Canada,64.8,35.9,39.2,54.8,68.5,52.0,"17,861",15.1,2%,2022
166,North Queensbury University,Japan,49.5,45.9,63.1,41.0,49.7,50.8,"20,110",16.4,28%,2022
142,North Riverton University,Canada,50.7,52.9,55.1,58.6,36.6,54.2,"48,899",25.6,17%,2022
=179,North Stonebrook University,Australia,54.6,54.3,51.0,41.1,41.3,49.1,"53,516",13.7,7%,2022
=44,North Thornbury University,France,82.1,60.5,77.6,52.9,62.4,69.9,"22,174",24.2,10%,2022
201-250,North Upton University,Australia,42.1,35.1,43.9,37.2,40.4,40.6,"45,746",28.5,16%,2022
43,North Valemont University,Japan,66.2,77.0,69.7,72.2,70.1,70.0,"56,593",21.9,5%,2022
40,North Westbury University,United Kingdom,77.3,72.1,61.7,73.3,57.5,70.5,"48,458",16.4,4%,2022
=96,North Yarrow University,Germany,59.5,61.8,62.4,59.8,70.2,60.9,"3,238",23.9,41%,2022
72,Northfield Institute of Technology,Japan,63.7,73.4,69.4,63.1,55.6,65.7,"40,953",17.0,15%,2022
108,Pacific Aldermoor University,Germany,66.9,60.4,56.7,53.3,64.4,59.2,"12,949",15.9,44%,2022
7,Pacific Ashford University,France,87.0,80.4,81.0,84.0,99.3,84.1,"51,911",18.6,43%,2022
=131,Pacific Bellmont University,Australia,52.5,57.4,60.3,53.8,54.5,55.7,"6,776",13.6,8%,2022
201-250,Pacific Brightwater University,Kazakhstan,45.4,43.3,35.2,44.4,48.4,41.9,"58,532",8.5,33%,2022
127,Pacific Clearwater University,Australia,48.3,48.5,63.0,59.6,45.3,56.1,"13,423",16.0,28%,2022
189,Pacific Deepwell University,Kazakhstan,42.8,51.5,42.5,60.1,-,48.2,"26,961",9.0,32%,2022
251-300,Pacific Dunmore University,Canada,24.7,22.7,58.9,32.9,36.3,37.6,"16,692",15.9,6%,2022
=168,Pacific Eastvale University,Kazakhstan,50.5,37.8,53.2,51.2,41.6,50.3,"48,545",19.4,10%,2022
135,Pacific Fairhaven University,United Kingdom,50.3,51.0,64.4,52.8,46.6,55.2,"25,260",28.3,5%,2022
=190,Pacific Foxhill University,Canada,45.2,55.4,49.8,45.6,72.1,48.1,"44,732",6.9,28%,2022
=177,Pacific Glenrock University,Canada,51.3,51.9,46.0,49.8,59.3,49.5,"7,016",20.9,44%,2022
201-250,Pacific Greystone University,United Kingdom,44.1,31.5,50.5,36.3,49.0,42.9,"29,060",17.0,31%,2022
=23,Pacific Highgate University,France,70.5,65.1,90.4,73.3,73.3,77.0,"53,385",6.5,33%,2022
=33,Pacific Hollowmere University,Australia,76.2,60.5,74.1,73.5,67.8,73.4,"54,487",12.0,44%,2022
=175,Pacific Ironbridge University,Germany,42.1,74.2,50.6,48.5,63.9,49.5,"14,706",8.8,31%,2022
201-250,Pacific Juniper University,Canada,41.9,61.3,30.4,50.7,45.4,42.7,"25,869",11.2,4%,2022
167,Pacific Marlow University,Canada,52.6,58.2,44.5,51.5,67.1,50.6,"26,652",12.6,39%,2022
78,Pacific Northfield University,United States,58.1,59.4,50.4,85.7,58.6,64.2,"35,288",15.6,18%,2022
251-300,Pacific Pinecrest University,Canada,34.4,24.1,26.4,24.9,28.9,28.2,"33,264",18.7,2%,2022
160,Pacific Stonebrook University,France,44.5,41.6,62.3,51.5,41.6,51.6,"8,880",6.0,24%,2022
120,Pacific Thornbury University,Australia,63.2,59.8,62.3,45.9,41.9,57.0,"46,803",9.9,42%,2022
198,Pacific Upton University,Australia,45.7,38.9,32.0,67.4,40.9,47.5,"15,713",8.2,13%,2022
140,PACIFIC WESTBURY UNIVERSITY,Canada,41.2,56.2,56.4,65.6,54.6,54.5,"20,624",19.2,23%,2022
251-300,Pacific Yarrow University,United States,10.6,14.2,16.4,20.7,17.6,15.8,"51,896",13.9,9%,2022
13,PINECREST INSTITUTE OF TECHNOLOGY,Australia,79.6,71.9,96.2,70.9,78.5,81.4,"41,147",19.2,4%,2022
=60,Queensbury Institute of Technology,United States,70.3,74.0,58.0,71.6,72.4,67.3,"26,175",11.3,5%,2022
201-250,Riverton Institute of Technology,Japan,51.9,55.1,46.3,38.7,34.2,46.0,"53,479",6.6,33%,2022
63,Royal Ashford University,United States,58.3,64.1,73.9,70.5,52.8,67.0,"25,549",28.6,39%,2022
251-300,Royal Bellmont University,United States,22.5,7.9,23.5,24.6,18.9,22.2,"36,280",8.6,8%,2022
201-250,Royal Brightwater University,Germany,46.1,44.1,47.2,40.8,46.5,44.7,"16,646",9.0,14%,2022
251-300,Royal Clearwater University,France,39.5,40.1,44.9,23.3,40.0,36.3,"13,390",9.5,10%,2022
251-300,Royal Deepwell University,Germany,29.6,42.5,38.3,28.2,40.3,33.0,"30,806",29.6,3%,2022
39,Royal Eastvale University,Kazakhstan,61.0,67.9,77.7,73.6,74.7,70.7,"34,287",20.8,26%,2022
9,Royal Elmstead University,France,85.1,71.8,73.6,92.4,-,83.0,"49,380",20.6,32%,2022
201-250,Royal Fairhaven University,Japan,43.6,30.0,39.3,41.0,-,40.2,"25,031",29.7,30%,2022
251-300,Royal Foxhill University,United Kingdom,38.7,48.3,35.1,35.2,40.2,37.3,"54,264",8.1,19%,2022
109,Royal Glenrock University,Canada,42.7,64.6,68.5,64.5,58.9,59.0,"38,121",29.4,26%,2022
21,Royal Greystone University,United Kingdom,63.3,79.6,79.1,87.7,82.4,77.1,"6,875",10.9,6%,2022
251-300,ROYAL HIGHGATE UNIVERSITY,Germany,23.7,44.4,22.9,13.1,30.8,22.0,"45,653",21.0,9%,2022
103,Royal Hollowmere University,Canada,54.9,68.7,61.9,60.3,68.4,60.0,"36,742",16.1,42%,2022
=32,Royal Ironbridge University,Germany,74.9,77.0,70.5,73.7,77.9,73.4,"25,447",15.2,35%,2022
251-300,  Royal Juniper University ,Japan,33.3,35.1,23.7,31.0,38.8,30.0,"29,138",28.3,42%,2022
251-300,Royal Kingsport University,France,30.3,50.2,26.5,16.8,33.4,26.7,"20,693",9.6,41%,2022
201-250,Royal Lakeside University,France,54.2,61.7,31.9,38.6,47.9,43.2,"37,695",29.9,30%,2022
201-250,Royal Marlow University,United States,41.9,36.9,47.6,39.6,51.9,42.8,"35,761",15.1,42%,2022
=110,Royal Northfield University,Australia,59.5,56.7,56.1,61.7,60.3,58.9,"28,525",21.6,20%,2022
118,Royal Oakridge University,Japan,60.3,66.0,60.1,53.0,42.3,58.0,"19,419",29.2,2%,2022
251-300,Royal Queensbury University,United Kingdom,17.8,21.9,24.6,27.3,42.8,23.6,"25,953",7.4,5%,2022
=115,Royal Riverton University,Germany,61.8,52.8,55.3,58.9,64.9,58.4,"31,443",28.1,7%,2022
=184,Royal Stonebrook University,United Kingdom,48.3,46.2,47.4,52.2,36.9,48.8,"29,366",19.6,6%,2022
17,Royal Thornbury University,Canada,75.7,77.0,86.7,73.8,73.3,78.5,"20,663",22.9,17%,2022
201-250,Royal Upton University,France,56.4,41.8,41.6,37.0,50.7,44.9,"35,394",9.6,32%,2022
201-250,Royal Valemont University,Kazakhstan,40.7,35.4,37.3,38.9,40.2,38.7,"15,474",18.8,36%,2022
119,Royal Westbury University,Canada,75.6,50.5,57.8,40.2,54.9,57.3,"31,395",22.2,27%,2022
85,Royal Yarrow University,Australia,67.8,64.0,50.0,71.1,74.5,63.3,"10,099",16.9,8%,2022
=117,South Aldermoor University,France,51.9,55.7,62.3,61.7,51.8,58.3,"30,558",9.7,34%,2022
251-300,South Ashford University,United Kingdom,23.7,39.2,30.5,19.2,18.2,25.4,"46,317",11.9,17%,2022
101,South Brightwater University,Kazakhstan,51.6,65.8,59.0,68.2,62.5,60.2,"49,315",26.5,3%,2022
251-300,South Caldera University,United States,31.3,45.8,32.0,17.5,37.8,28.6,"43,568",6.8,14%,2022
76,South Clearwater University,Australia,64.7,59.2,75.1,56.0,68.8,64.9,"44,184",23.0,16%,2022
251-300,South Deepwell University,France,34.8,26.4,30.3,28.8,37.2,31.1,"6,696",30.0,14%,2022
=176,South Eastvale University,Canada,55.2,53.1,36.2,55.3,60.6,49.5,"22,161",6.2,37%,2022
201-250,South Elmstead University,Kazakhstan,51.3,26.3,32.6,49.0,53.7,43.2,"40,897",9.9,35%,2022
201-250,South Fairhaven University,Kazakhstan,51.4,24.9,44.4,37.0,35.6,42.6,"48,521",22.2,32%,2022
77,South Foxhill University,United Kingdom,72.4,47.5,56.9,69.0,61.6,64.6,"35,451",7.4,8%,2022
91,South Glenrock University,Japan,57.7,38.2,67.3,66.0,61.2,61.7,"50,424",20.2,37%,2022
151,South Greystone University,Kazakhstan,60.7,39.7,47.0,54.8,49.2,53.0,"18,410",22.4,31%,2022
121,South Highgate University,Canada,51.4,81.0,47.6,63.9,75.9,56.9,"11,497",20.1,10%,2022
251-300,South Hollowmere University,Japan,38.3,42.8,27.6,23.0,46.4,31.0,"7,824",14.8,30%,2022
=173,South Ironbridge University,Kazakhstan,51.2,63.8,32.4,61.3,54.5,49.6,"35,292",22.7,23%,2022
51,South Kingsport University,Kazakhstan,63.3,66.8,66.2,77.0,-,68.3,"41,894",20.3,21%,2022
201-250,South Marlow University,United Kingdom,39.1,49.9,43.7,49.2,43.8,44.4,"19,821",11.0,7%,2022
105,South Northfield University,Canada,63.3,56.7,61.4,55.3,-,59.8,"46,248",19.5,24%,2022
106,  South Oakridge University ,Australia,63.2,52.2,59.5,59.1,49.5,59.7,"45,466",27.2,6%,2022
86,South Queensbury University,United Kingdom,51.4,63.8,70.0,65.6,72.0,62.7,"23,455",22.0,9%,2022
25,SOUTH RIVERTON UNIVERSITY,United States,77.8,69.4,68.5,83.5,74.5,76.0,"17,100",17.3,8%,2022
251-300,South Stonebrook University,France,39.8,44.0,23.8,28.3,41.6,31.9,"44,368",13.7,43%,2022
251-300,South Upton University,United Kingdom,25.3,30.1,37.1,26.9,34.1,29.9,"41,633",8.1,14%,2022
26,SOUTH VALEMONT UNIVERSITY,United States,76.1,67.0,75.1,77.9,75.7,75.6,"12,899",11.9,17%,2022
1,South Westbury University,United Kingdom,100.0,86.1,99.8,100.0,100.0,98.9,"17,258",6.3,16%,2022
=197,State Aldermoor University,Kazakhstan,56.1,34.2,54.0,36.4,42.8,47.6,"31,564",29.7,41%,2022
251-300,State Ashford University,United States,39.4,28.3,16.1,32.9,30.7,29.4,"31,818",11.3,26%,2022
124,State Brightwater University,Japan,51.0,52.5,64.3,56.5,45.0,56.6,"12,448",25.6,42%,2022
201-250,  State Caldera University ,France,53.8,42.8,35.6,46.8,44.0,45.2,"55,531",10.0,15%,2022
=195,State Deepwell University,Canada,42.5,49.9,51.7,48.0,51.5,47.7,"24,575",12.8,7%,2022
251-300,State Dunmore University,Australia,38.4,45.6,25.7,40.2,45.1,35.8,"25,444",16.0,26%,2022
38,State Eastvale University,Japan,71.6,70.5,60.7,83.5,70.1,71.8,"6,520",13.8,17%,2022
57,State Elmstead University,Kazakhstan,66.3,76.3,76.2,58.1,73.6,67.7,"53,511",25.2,36%,2022
251-300,State Fairhaven University,United Kingdom,32.4,44.3,28.2,27.8,-,30.6,"16,804",29.0,40%,2022
42,State Glenrock University,France,75.0,56.2,73.7,65.9,67.6,70.3,"58,922",27.0,22%,2022
3,State Greystone University,Kazakhstan,87.8,96.5,81.1,87.8,95.0,86.7,"31,035",9.7,44%,2022
104,State Hollowmere University,France,70.0,54.2,61.3,49.6,62.7,59.9,"51,754",24.6,26%,2022
=132,State Juniper University,Canada,56.8,59.6,62.9,46.9,44.6,55.6,"13,574",9.6,14%,2022
=116,State Kingsport University,United States,56.2,62.5,64.8,53.1,55.4,58.3,"12,788",27.9,23%,2022
97,State Marlow University,Australia,67.6,61.1,51.1,63.8,57.0,60.7,"47,322",18.4,4%,2022
251-300,State Northfield University,Australia,2.1,17.4,19.3,18.2,33.6,14.0,"50,264",14.1,37%,2022
=88,State Oakridge University,Kazakhstan,65.6,57.8,65.9,57.4,57.2,62.4,"34,463",9.8,6%,2022
201-250,State Pinecrest University,Kazakhstan,20.4,37.6,57.0,58.2,-,44.8,"4,702",6.3,15%,2022
37,State Queensbury University,Canada,66.4,90.0,71.1,73.1,82.6,72.0,"56,009",12.0,26%,2022
=152,  State Riverton University ,France,56.5,63.0,42.7,56.2,59.6,52.8,"25,902",27.9,4%,2022
15,State Stonebrook University,Kazakhstan,86.5,74.4,78.0,78.0,75.6,80.2,"56,805",25.1,5%,2022
251-300,State Thornbury University,Canada,27.1,40.2,32.7,40.1,-,33.7,"53,968",29.3,32%,2022
112,State Upton University,Germany,57.7,57.7,51.4,67.2,62.6,58.8,"52,651",8.4,5%,2022
=99,State Yarrow University,Canada,73.0,54.9,53.3,56.2,66.0,60.5,"43,093",20.2,23%,2022
201-250,Stonebrook Institute of Technology,Japan,43.2,52.1,43.3,41.7,46.4,43.5,"40,948",12.2,17%,2022
84,Technical Aldermoor University,Kazakhstan,75.0,57.0,59.0,58.7,50.9,63.4,"32,473",19.0,12%,2022
48,Technical Clearwater University,Canada,68.9,85.7,68.1,65.5,71.4,69.0,"4,412",13.7,10%,2022
251-300,Technical Deepwell University,France,51.2,40.9,36.2,27.0,-,38.4,"24,621",12.8,35%,2022
251-300,Technical Dunmore University,Australia,37.8,33.4,22.4,29.6,22.4,30.0,"45,122",19.8,43%,2022
=194,Technical Elmstead University,Kazakhstan,55.7,51.4,47.6,39.2,44.7,47.7,"49,055",10.4,8%,2022
201-250,Technical Fairhaven University,Germany,32.0,49.5,34.3,52.7,50.7,40.7,"35,257",17.3,43%,2022
201-250,Technical Glenrock University,Germany,46.5,43.5,35.8,49.9,50.9,44.2,"44,080",21.6,28%,2022
=183,Technical Highgate University,United Kingdom,51.0,49.7,41.4,53.1,57.2,48.8,"4,336",9.1,30%,2022
251-300,Technical Hollowmere University,Germany,16.0,21.9,19.6,22.2,36.4,19.9,"30,286",28.3,33%,2022
251-300,Technical Ironbridge University,Australia,28.8,20.4,19.1,30.0,50.0,26.1,"32,289",18.1,32%,2022
59,Technical Kingsport University,Australia,58.9,71.6,68.7,74.8,51.3,67.4,"54,465",25.7,37%,2022
155,Technical Lakeside University,Australia,59.7,54.7,54.5,44.2,39.7,52.6,"20,764",21.7,23%,2022
251-300,Technical Marlow University,Germany,15.1,19.7,1.4,17.4,11.4,11.9,"15,690",23.0,25%,2022
=54,Technical Northfield University,Kazakhstan,65.5,78.8,65.6,70.4,56.4,67.8,"22,806",23.2,16%,2022
=133,Technical Oakridge University,France,58.8,69.8,52.8,52.0,49.8,55.6,"12,989",27.0,7%,2022
201-250,Technical Pinecrest University,United States,47.7,43.7,51.5,41.2,44.8,46.5,"35,809",20.7,31%,2022
251-300,Technical Queensbury University,Canada,43.0,38.6,38.8,27.8,25.9,36.4,"39,969",12.7,3%,2022
129,Technical Riverton University,France,58.3,64.7,52.2,53.5,70.7,55.8,"47,279",8.4,14%,2022
188,Technical Stonebrook University,Kazakhstan,52.2,58.1,47.2,42.2,58.9,48.3,"58,058",20.6,6%,2022
5,Technical Upton University,Kazakhstan,92.7,80.3,77.1,87.0,90.6,85.3,"7,335",7.6,10%,2022
=45,Technical Valemont University,Kazakhstan,59.5,74.1,71.6,77.9,-,69.9,"17,374",11.8,29%,2022
=114,Technical Westbury University,Germany,51.6,65.4,45.3,75.6,70.1,58.4,"20,597",7.5,29%,2022
=191,Thornbury Institute of Technology,Kazakhstan,54.4,48.2,51.4,38.2,50.8,48.1,"17,535",19.2,20%,2022
14,University of Ashford,Australia,74.7,80.7,85.2,81.8,91.7,80.8,"48,996",9.8,6%,2022
113,University of Bellmont,Japan,50.4,45.5,57.3,71.0,64.0,58.6,"11,025",20.6,21%,2022
27,University of Brightwater,France,73.8,57.1,84.0,72.0,59.2,74.7,"4,682",25.0,17%,2022
201-250,University of Clearwater,Australia,51.2,54.8,40.9,46.6,39.0,46.7,"52,133",25.7,33%,2022
201-250,University of Deepwell,France,50.4,51.8,50.4,32.0,34.2,44.6,"56,423",13.4,27%,2022
201-250,University of Elmstead,Germany,54.7,49.7,35.0,49.3,48.3,46.7,"15,477",19.2,23%,2022
139,University of Fairhaven,United States,56.6,58.6,48.6,56.7,65.2,54.6,"21,395",19.5,23%,2022
6,University of Foxhill,Australia,84.3,80.4,89.2,84.5,71.0,85.2,"32,482",17.3,44%,2022
=180,University of Glenrock,Germany,49.4,66.7,46.9,44.7,71.7,49.1,"32,004",21.7,35%,2022
=182,University of Greystone,Kazakhstan,42.2,55.7,45.2,57.2,51.5,48.8,"59,282",11.0,23%,2022
=74,University of Highgate,Canada,67.8,60.6,53.5,74.7,67.5,65.0,"26,485",29.5,23%,2022
201-250,University of Ironbridge,Australia,62.1,46.0,33.8,44.4,41.8,46.6,"3,769",8.4,3%,2022
36,University of Kingsport,France,83.9,71.0,70.1,64.8,59.7,72.4,"26,408",25.9,43%,2022
251-300,University of Lakeside,France,30.7,5.6,12.2,1.3,19.9,14.2,"34,378",20.3,16%,2022
=196,University of Northfield,Kazakhstan,44.8,51.9,50.9,46.2,45.7,47.6,"31,492",11.9,13%,2022
=163,University of Queensbury,Australia,48.1,59.1,55.7,50.5,31.5,51.5,"31,477",23.9,45%,2022
251-300,University of Stonebrook,Australia,25.8,7.6,20.3,7.6,18.4,17.1,"54,293",8.0,33%,2022
251-300,University of Thornbury,Canada,36.3,28.4,29.5,31.3,35.1,32.1,"49,130",24.6,4%,2022
201-250,University of Upton,Australia,39.3,33.0,49.0,33.6,-,40.0,"17,485",20.2,5%,2022
150,University of Valemont,Australia,60.3,49.0,49.5,50.9,47.8,53.1,"23,666",8.7,3%,2022
=30,University of Yarrow,United Kingdom,74.3,74.8,77.0,71.0,68.0,74.0,"41,846",7.9,28%,2022
=122,Upton Institute of Technology,Kazakhstan,50.0,37.9,62.1,63.2,52.4,56.7,"25,725",24.0,5%,2022
200,West Aldermoor University,United Kingdom,39.1,44.4,53.5,49.1,42.5,46.9,"27,088",13.0,42%,2022
148,West Bellmont University,Germany,55.6,64.1,42.8,58.3,61.9,53.4,"12,303",27.3,42%,2022
20,West Brightwater University,Kazakhstan,74.0,74.4,75.0,84.8,83.7,77.8,"17,497",24.3,25%,2022
201-250,West Clearwater University,Kazakhstan,44.2,23.0,56.5,38.4,38.3,44.4,"45,480",22.8,29%,2022
=169,West Deepwell University,Canada,48.6,36.5,56.1,50.4,39.7,50.3,"52,307",12.7,15%,2022
69,West Eastvale University,Japan,62.0,71.0,68.7,65.6,-,65.9,"47,058",23.0,5%,2022
=130,West Elmstead University,Japan,62.5,31.0,57.6,53.3,56.5,55.7,"21,083",28.8,34%,2022
73,West Fairhaven University,Canada,65.0,61.9,63.6,69.1,61.7,65.5,"10,850",8.2,6%,2022
199,West Foxhill University,Japan,43.0,44.3,52.2,45.5,60.2,47.1,"11,935",13.8,6%,2022
19,West Glenrock University,Canada,77.9,78.0,75.8,80.6,76.7,78.0,"25,346",11.6,15%,2022
201-250,West Greystone University,Kazakhstan,35.4,35.8,39.1,45.2,46.5,39.8,"31,755",15.4,3%,2022
187,West Highgate University,Australia,44.3,61.9,61.4,34.4,71.9,48.4,"54,892",23.8,21%,2022
157,West Ironbridge University,United Kingdom,43.8,56.5,50.1,62.6,48.1,52.4,"53,950",17.4,32%,2022
251-300,West Juniper University,Germany,25.4,49.8,35.7,10.1,32.1,25.9,"3,178",19.7,36%,2022
251-300,West Kingsport University,Australia,33.0,31.7,54.2,26.8,32.2,37.4,"43,554",13.5,28%,2022
49,West Lakeside University,Canada,66.6,74.0,56.5,82.0,70.8,68.8,"20,380",9.4,38%,2022
165,West Marlow University,Kazakhstan,49.2,38.7,52.7,54.6,44.7,51.0,"14,581",12.4,19%,2022
251-300,West Northfield University,Germany,42.2,46.9,25.7,18.3,23.5,30.0,"35,639",26.6,38%,2022
159,West Oakridge University,Kazakhstan,55.0,45.6,59.9,41.7,51.9,51.7,"5,034",20.5,24%,2022
12,West Pinecrest University,United States,76.1,71.9,80.6,91.5,70.9,81.6,"21,454",15.1,12%,2022
251-300,West Queensbury University,Kazakhstan,22.6,17.7,26.6,3.0,20.1,17.5,"33,821",25.0,43%,2022
251-300,West Riverton University,Canada,29.7,16.9,35.4,31.1,23.7,30.7,"18,858",7.5,14%,2022
201-250,  West Thornbury University ,Japan,26.9,51.7,53.9,53.2,38.7,45.0,"37,720",12.1,3%,2022
18,West Upton University,France,73.6,88.5,88.6,70.1,82.7,78.4,"29,794",11.5,12%,2022
201-250,West Valemont University,Canada,43.6,65.3,39.3,51.4,-,46.7,"49,923",29.6,18%,2022
=68,West Westbury University,Japan,66.0,57.8,78.6,55.4,70.5,66.1,"13,047",22.9,17%,2022
193,West Yarrow University,Japan,43.6,39.5,48.4,52.4,64.0,47.9,"6,319",20.8,25%,2022
201-250,Westbury Institute of Technology,Kazakhstan,43.7,43.9,45.4,43.4,42.0,44.1,"33,747",6.1,40%,2022
=93,Yarrow Institute of Technology,Kazakhstan,74.8,50.6,57.6,54.5,68.8,61.6,"17,769",10.4,15%,2022
=155,Aldermoor Institute of Technology,Canada,61.5,59.4,46.6,47.6,-,52.5,"38,119",19.8,29%,2023
=170,Ashford Institute of Technology,Japan,55.7,46.3,53.3,45.4,38.7,50.8,"8,188",8.2,18%,2023
251-300,Caldera Institute of Technology,Australia,30.9,39.7,40.7,38.4,43.5,37.1,"26,418",26.3,42%,2023
70,Central Aldermoor University,Canada,73.1,62.4,62.8,63.1,53.3,65.7,"50,223",10.2,35%,2023
=184,Central Ashford University,Germany,42.7,44.4,57.0,46.6,55.1,48.6,"46,786",24.4,21%,2023
199,Central Caldera University,Australia,54.3,56.5,50.5,34.3,42.8,47.1,"39,411",14.7,34%,2023
201-250,Central Clearwater University,Japan,46.1,33.8,42.5,43.4,31.5,42.9,"52,924",24.8,44%,2023
201-250,Central Deepwell University,United States,28.6,48.6,64.2,37.6,-,43.7,"46,476",11.0,22%,2023
130,  Central Dunmore University ,Japan,43.6,66.8,61.6,59.2,53.8,55.7,"40,437",10.5,30%,2023
=126,Central Elmstead University,France,64.0,47.4,55.3,51.6,45.5,56.0,"52,284",17.9,42%,2023
=88,Central Fairhaven University,Australia,68.5,65.3,60.9,59.1,57.6,62.9,"10,382",6.8,13%,2023
=197,Central Glenrock University,Australia,48.3,63.7,54.5,35.3,45.6,47.4,"50,509",11.4,40%,2023
27,Central Greystone University,United Kingdom,66.4,76.3,77.7,82.6,58.0,75.2,"20,360",23.4,6%,2023
201-250,Central Highgate University,Australia,52.3,46.3,46.2,39.1,48.8,46.0,"44,908",26.1,30%,2023
251-300,Central Hollowmere University,United Kingdom,38.8,23.0,47.3,27.3,18.8,36.2,"53,950",7.9,36%,2023
=61,Central Ironbridge University,Canada,80.8,62.7,62.3,59.5,61.8,67.0,"32,113",27.2,28%,2023
=173,Central Juniper University,Canada,53.3,49.9,40.7,57.3,-,50.1,"8,089",25.1,23%,2023
44,Central Lakeside University,Germany,67.0,61.3,77.8,69.6,66.1,70.6,"23,711",26.9,29%,2023
=87,Central Marlow University,United States,58.0,65.7,66.9,61.8,78.7,62.9,"26,078",22.8,9%,2023
201-250,Central Northfield University,Kazakhstan,48.5,40.4,41.8,40.9,51.1,43.7,"55,374",22.2,11%,2023
=94,Central Oakridge University,Germany,58.1,58.5,58.8,68.8,59.8,61.6,"55,588",18.6,14%,2023
9,Central Queensbury University,United Kingdom,78.8,85.1,77.7,94.8,-,83.6,"34,821",21.7,28%,2023
22,Central Riverton University,United Kingdom,89.5,93.7,71.0,68.3,73.2,77.5,"58,804",28.1,21%,2023
=50,Central Stonebrook University,Germany,75.9,45.1,75.6,62.6,60.6,69.1,"27,297",8.4,13%,2023
172,  Central Thornbury University ,United Kingdom,61.9,64.5,48.3,38.5,46.7,50.6,"26,484",13.6,40%,2023
45,Central Upton University,Japan,64.1,71.5,68.8,77.1,-,70.4,"49,518",7.7,18%,2023
201-250,Clearwater Institute of Technology,Germany,49.3,46.2,40.9,29.8,-,40.3,"42,197",28.7,21%,2023
54,Deepwell Institute of Technology,United States,70.3,66.2,64.1,72.5,60.7,68.5,"32,725",16.7,20%,2023
=121,Dunmore Institute of Technology,United States,57.8,57.7,54.4,58.5,51.4,56.9,"29,010",22.2,10%,2023
143,East Aldermoor University,Japan,61.3,49.6,39.5,63.4,54.4,54.3,"41,993",26.2,33%,2023
201-250,East Ashford University,United States,49.4,49.7,43.7,30.1,35.8,41.5,"46,412",29.8,21%,2023
251-300,East Bellmont University,Canada,38.5,29.7,19.0,30.7,28.9,29.4,"31,672",9.9,3%,2023
251-300,East Brightwater University,United States,30.6,34.0,28.9,35.2,20.9,31.5,"4,838",25.2,43%,2023
201-250,East Caldera University,United Kingdom,43.5,34.8,38.3,49.9,34.7,43.0,"8,809",27.3,37%,2023
201-250,East Clearwater University,United Kingdom,34.7,50.6,55.4,47.4,58.1,46.5,"11,413",7.2,33%,2023
152,East Deepwell University,Germany,55.3,44.6,49.1,57.7,-,53.3,"28,565",24.1,39%,2023
5,East Dunmore University,Canada,80.1,86.9,90.8,82.5,84.3,84.7,"38,330",14.5,41%,2023
=78,East Eastvale University,Germany,56.1,79.2,69.8,64.7,60.6,64.6,"48,244",21.6,17%,2023
201-250,East Elmstead University,United States,57.2,37.8,46.5,32.6,43.3,44.8,"16,527",18.3,28%,2023
100,East Fairhaven University,Australia,73.2,57.1,49.0,61.4,58.7,60.8,"47,632",12.2,28%,2023
201-250,East Foxhill University,France,56.4,36.4,46.7,28.5,45.8,43.3,"41,189",9.2,13%,2023
=137,East Glenrock University,Canada,53.2,53.8,57.4,55.4,51.3,55.1,"6,097",8.8,12%,2023
85,East Greystone University,France,73.5,46.3,50.8,68.6,76.2,63.2,"22,735",8.5,7%,2023
80,  East Highgate University ,Australia,71.2,55.6,65.5,59.7,55.6,64.5,"19,739",21.3,30%,2023
251-300,East Hollowmere University,United Kingdom,44.1,40.6,34.0,21.4,45.4,34.0,"54,323",14.4,36%,2023
63,East Ironbridge University,Australia,56.8,78.3,68.7,73.2,51.4,66.8,"54,908",11.2,35%,2023
167,East Juniper University,United States,47.4,66.4,48.5,54.2,45.2,51.1,"50,961",22.6,16%,2023
157,East Kingsport University,United Kingdom,54.6,48.5,54.3,47.8,61.3,52.2,"33,718",22.5,11%,2023
12,East Marlow University,Japan,77.6,94.8,85.5,79.3,93.0,82.2,"30,791",18.9,22%,2023
83,East Northfield University,France,62.7,67.7,74.1,54.6,61.5,64.1,"20,357",28.4,26%,2023
=59,East Pinecrest University,Australia,74.8,77.1,54.9,69.5,69.0,67.3,"48,144",15.2,42%,2023
=66,East Riverton University,United Kingdom,75.8,64.7,62.3,62.2,61.2,66.5,"7,784",26.1,40%,2023
=51,East Stonebrook University,Canada,72.5,66.5,61.5,74.4,62.5,69.1,"18,663",7.8,41%,2023
171,East Upton University,Germany,58.1,56.9,42.8,49.7,49.4,50.7,"10,686",23.8,39%,2023
=146,East Valemont University,Australia,54.3,48.4,52.5,57.1,52.9,54.1,"32,095",29.7,43%,2023
195,East Westbury University,Japan,44.6,34.4,56.0,45.5,44.9,47.5,"19,632",26.3,22%,2023
43,East Yarrow University,Japan,69.7,57.2,71.2,75.8,61.4,70.8,"14,186",19.9,4%,2023
201-250,Eastvale Institute of Technology,Australia,37.1,50.4,48.9,47.4,36.3,44.7,"23,880",21.0,6%,2023
=128,Elmstead Institute of Technology,Canada,59.6,57.3,44.6,63.7,48.3,55.9,"52,545",14.5,19%,2023
=58,Fairhaven Institute of Technology,Kazakhstan,67.4,66.9,66.2,68.0,72.8,67.3,"34,601",22.3,13%,2023
91,Glenrock Institute of Technology,United States,54.1,63.5,77.9,52.2,71.3,61.8,"49,274",24.5,9%,2023
=151,Greystone Institute of Technology,Germany,59.3,62.2,52.1,46.5,60.2,53.6,"53,810",30.0,43%,2023
=98,Highgate Institute of Technology,Canada,59.4,62.7,67.0,55.6,68.7,61.0,"55,822",17.8,10%,2023
201-250,Hollowmere Institute of Technology,Kazakhstan,44.3,51.3,38.8,47.4,54.5,44.4,"23,444",7.5,43%,2023
21,Ironbridge Institute of Technology,Germany,70.9,82.2,87.4,75.4,-,78.2,"53,965",20.3,35%,2023
201-250,Kingsport Institute of Technology,Japan,49.6,47.1,48.9,41.2,34.9,46.4,"55,594",8.9,30%,2023
153,LAKESIDE INSTITUTE OF TECHNOLOGY,Canada,55.6,50.0,43.4,61.1,47.3,53.0,"58,295",11.9,31%,2023
251-300,Marlow Institute of Technology,Japan,31.0,30.9,27.0,6.1,19.7,22.0,"23,603",13.9,16%,2023
251-300,National Aldermoor University,Australia,32.7,36.5,19.5,33.7,50.2,29.7,"16,088",23.5,30%,2023
37,National Ashford University,France,70.1,84.5,82.0,63.3,66.4,72.6,"35,406",10.4,10%,2023
107,National Brightwater University,Germany,57.5,68.4,59.7,58.5,56.5,59.3,"54,709",10.0,42%,2023
251-300,National Clearwater University,France,39.3,40.0,22.8,30.1,41.0,31.7,"55,294",7.1,15%,2023
251-300,National Deepwell University,Japan,33.8,39.2,23.7,13.8,32.0,25.1,"35,393",27.0,13%,2023
251-300,National Dunmore University,Canada,21.5,10.3,7.8,11.4,6.5,13.1,"11,231",22.6,33%,2023
140,National Eastvale University,Kazakhstan,53.8,52.7,49.1,61.4,55.0,54.6,"27,499",7.0,30%,2023
2,National Fairhaven University,Japan,96.0,86.1,97.7,100.0,98.2,97.0,"44,681",6.7,21%,2023
113,National Glenrock University,Canada,49.1,58.4,63.6,63.1,54.1,58.5,"35,803",19.4,29%,2023
=132,National Highgate University,Japan,48.5,63.4,52.5,63.5,60.0,55.6,"22,031",12.8,9%,2023
=73,National Hollowmere University,Kazakhstan,66.6,67.2,67.5,61.1,66.6,65.3,"22,986",20.3,31%,2023
251-300,National Juniper University,Japan,33.6,45.0,33.8,33.8,26.5,34.4,"6,540",16.4,14%,2023
163,National Kingsport University,France,47.2,51.7,70.2,35.9,66.7,51.5,"18,865",28.2,14%,2023
=96,National Lakeside University,Canada,65.4,50.4,52.1,69.7,64.6,61.5,"41,585",12.9,9%,2023
=136,National Marlow University,Germany,49.6,52.9,63.9,52.5,54.6,55.1,"16,378",22.3,16%,2023
49,National Northfield University,France,64.2,68.8,82.3,60.4,77.7,69.2,"58,938",7.3,16%,2023
90,National Oakridge University,France,67.0,61.6,55.2,63.7,64.2,62.0,"7,925",28.9,22%,2023
57,National Riverton University,Germany,58.7,73.9,83.4,59.1,64.4,67.5,"36,806",29.5,10%,2023
=183,National Stonebrook University,Australia,50.0,40.9,53.5,44.9,-,48.6,"30,427",23.7,10%,2023
4,National Thornbury University,United Kingdom,77.2,79.4,91.0,88.3,80.3,84.9,"49,401",17.2,25%,2023
36,National Upton University,Japan,71.2,68.0,79.0,68.1,83.2,72.7,"55,073",11.3,8%,2023
201-250,National Valemont University,United Kingdom,38.3,47.0,40.2,53.9,42.1,44.3,"33,341",25.5,32%,2023
201-250,National Westbury University,Australia,58.9,43.2,46.2,36.8,-,46.8,"38,410",23.7,43%,2023
25,National Yarrow University,France,68.3,71.0,84.7,75.4,81.6,75.9,"43,260",11.3,20%,2023
=134,North Ashford University,Australia,35.8,48.0,67.9,64.6,54.1,55.5,"31,731",16.8,41%,2023
86,North Brightwater University,France,53.9,64.9,64.6,70.8,-,63.1,"13,867",17.1,6%,2023
166,North Caldera University,France,53.5,46.4,46.5,56.3,32.1,51.2,"26,758",25.8,4%,2023
=72,North Clearwater University,Kazakhstan,69.7,85.3,66.2,54.3,74.5,65.3,"17,197",22.4,33%,2023
81,North Deepwell University,United States,62.8,57.4,72.1,61.7,39.7,64.3,"28,800",21.4,35%,2023
84,North Dunmore University,Canada,68.3,58.6,64.2,60.6,60.7,63.8,"38,510",21.6,38%,2023
23,NORTH EASTVALE UNIVERSITY,Japan,60.2,62.4,91.6,83.1,76.0,77.1,"14,685",12.5,4%,2023
201-250,North Elmstead University,Kazakhstan,51.2,39.3,42.2,44.8,59.3,45.9,"17,516",14.9,35%,2023
251-300,North Fairhaven University,Kazakhstan,47.6,32.9,22.6,27.0,29.2,32.4,"50,743",7.1,18%,2023
201-250,North Foxhill University,Japan,40.0,44.6,45.0,47.5,54.1,44.5,"24,301",24.9,15%,2023
=148,North Glenrock University,Japan,59.4,71.5,49.2,48.3,60.7,54.0,"13,916",16.4,9%,2023
251-300,NORTH GREYSTONE UNIVERSITY,Germany,27.8,31.7,32.6,25.4,30.6,28.9,"43,065",16.5,45%,2023
74,North Highgate University,Germany,55.7,74.8,64.0,72.9,70.6,65.2,"42,594",11.9,5%,2023
=129,North Hollowmere University,Germany,55.1,55.4,61.1,51.9,51.6,55.9,"49,799",11.0,38%,2023
=33,North Ironbridge University,Japan,86.8,76.3,56.2,75.8,84.4,73.5,"46,514",20.1,29%,2023
251-300,North Kingsport University,Kazakhstan,35.7,22.0,15.8,16.9,13.5,22.5,"58,254",11.6,34%,2023
179,North Lakeside University,Japan,42.1,45.6,56.5,50.7,50.3,49.5,"35,649",7.5,33%,2023
201-250,North Marlow University,United Kingdom,52.0,44.6,32.7,35.6,42.4,40.5,"19,025",24.4,39%,2023
201-250,North Northfield University,United Kingdom,44.2,21.6,42.9,55.1,50.3,45.5,"50,919",15.0,10%,2023
=176,North Oakridge University,Canada,64.6,34.0,37.6,50.6,65.0,50.0,"18,304",15.1,2%,2023
=174,North Queensbury University,Japan,48.3,48.9,60.5,42.0,47.7,50.1,"19,777",16.4,28%,2023
=125,North Riverton University,Canada,51.0,56.9,56.5,61.8,37.6,56.0,"51,321",25.6,17%,2023
=182,North Stonebrook University,Australia,54.6,54.3,48.5,41.9,42.0,48.6,"51,785",13.7,7%,2023
48,North Thornbury University,France,80.4,58.7,76.4,54.8,63.6,69.5,"22,974",24.2,10%,2023
201-250,North Upton University,Australia,42.7,35.8,44.8,37.6,40.3,41.2,"45,014",28.5,16%,2023
39,North Valemont University,Japan,70.0,76.5,71.4,74.4,69.8,72.2,"54,770",21.9,5%,2023
38,North Westbury University,United Kingdom,77.3,72.9,63.0,77.5,58.9,72.3,"47,553",16.4,4%,2023
101,North Yarrow University,Germany,61.0,62.0,62.1,58.0,69.7,60.7,"3,219",23.9,41%,2023
75,Northfield Institute of Technology,Japan,61.3,72.7,69.6,62.2,57.9,64.9,"40,496",17.0,15%,2023
=110,Pacific Aldermoor University,Germany,65.0,60.3,59.3,51.3,68.7,58.9,"13,049",15.9,44%,2023
3,Pacific Ashford University,France,88.0,79.0,82.2,85.0,100.0,85.0,"51,320",18.6,43%,2023
=149,Pacific Bellmont University,Australia,51.6,55.3,58.5,51.4,53.9,54.0,"6,793",13.6,8%,2023
201-250,Pacific Brightwater University,Kazakhstan,45.8,44.7,33.2,39.4,-,40.2,"57,948",8.5,33%,2023
138,Pacific Clearwater University,Australia,48.0,46.7,62.5,57.5,43.7,55.0,"13,280",16.0,28%,2023
181,Pacific Deepwell University,Kazakhstan,48.7,52.1,41.6,57.5,26.6,48.9,"26,615",9.0,32%,2023
201-250,Pacific Dunmore University,Canada,24.3,18.8,60.5,35.1,35.2,38.3,"16,710",15.9,6%,2023
=169,Pacific Eastvale University,Kazakhstan,52.1,38.7,53.4,50.8,39.5,50.8,"50,391",19.4,10%,2023
139,Pacific Fairhaven University,United Kingdom,49.8,49.8,64.7,51.8,47.3,54.8,"25,397",28.3,5%,2023
=186,Pacific Foxhill University,Canada,46.7,56.3,48.6,45.7,71.9,48.3,"44,267",6.9,28%,2023
177,Pacific Glenrock University,Canada,53.2,52.3,45.6,49.1,56.1,49.7,"6,893",20.9,44%,2023
201-250,Pacific Greystone University,United Kingdom,43.6,31.4,49.8,34.5,48.1,41.9,"29,061",17.0,31%,2023
20,Pacific Highgate University,France,71.0,64.7,93.9,74.7,74.6,78.6,"54,032",6.5,33%,2023
30,Pacific Hollowmere University,Australia,79.3,65.5,71.4,74.5,69.8,74.2,"55,130",12.0,44%,2023
=159,Pacific Ironbridge University,Germany,45.7,76.4,53.1,49.2,64.2,51.7,"14,689",8.8,31%,2023
201-250,Pacific Juniper University,Canada,39.3,61.3,32.4,49.5,45.0,42.1,"25,673",11.2,4%,2023
168,Pacific Marlow University,Canada,53.1,60.3,43.8,52.3,64.0,50.9,"26,912",12.6,39%,2023
68,Pacific Northfield University,United States,61.9,59.2,49.5,89.2,57.5,66.1,"35,605",15.6,18%,2023
251-300,Pacific Pinecrest University,Canada,33.0,24.4,26.9,23.0,27.8,27.4,"33,708",18.7,2%,2023
=164,Pacific Stonebrook University,France,45.1,39.4,62.6,50.0,42.5,51.3,"8,958",6.0,24%,2023
=120,Pacific Thornbury University,Australia,65.3,60.0,59.6,46.3,42.6,56.9,"46,300",9.9,42%,2023
200,Pacific Upton University,Australia,44.8,38.2,31.0,67.7,41.5,47.0,"15,459",8.2,13%,2023
141,Pacific Westbury University,Canada,40.0,55.3,58.5,64.9,55.2,54.5,"21,395",19.2,23%,2023
251-300,Pacific Yarrow University,United States,9.3,13.1,16.5,20.0,18.3,15.2,"52,050",13.9,9%,2023
=13,Pinecrest Institute of Technology,Australia,80.5,69.6,96.3,73.1,78.6,82.1,"42,434",19.2,4%,2023
64,Queensbury Institute of Technology,United States,71.6,73.8,57.7,68.4,71.8,66.6,"26,174",11.3,5%,2023
201-250,Riverton Institute of Technology,Japan,52.6,54.3,48.1,39.5,32.6,46.9,"54,477",6.6,33%,2023
=56,Royal Ashford University,United States,58.9,60.9,74.8,73.2,51.7,67.9,"25,478",28.6,39%,2023
251-300,Royal Bellmont University,United States,23.2,7.0,19.1,23.3,19.8,20.7,"35,861",8.6,8%,2023
201-250,Royal Brightwater University,Germany,46.9,45.0,47.1,43.4,45.8,45.7,"16,940",9.0,14%,2023
251-300,Royal Clearwater University,France,39.1,40.6,42.1,22.7,39.0,35.2,"13,754",9.5,10%,2023
251-300,Royal Deepwell University,Germany,30.3,42.7,37.8,29.6,40.1,33.5,"30,973",29.6,3%,2023
34,Royal Eastvale University,Kazakhstan,63.1,70.2,78.7,77.6,74.8,73.0,"35,383",20.8,26%,2023
=14,Royal Elmstead University,France,85.1,72.5,71.0,91.9,88.9,82.1,"48,722",20.6,32%,2023
251-300,Royal Fairhaven University,Japan,42.2,28.6,34.4,35.5,33.6,36.6,"24,910",29.7,30%,2023
201-250,Royal Foxhill University,United Kingdom,42.0,48.1,34.7,34.0,39.8,37.8,"55,491",8.1,19%,2023
=95,ROYAL GLENROCK UNIVERSITY,Canada,45.0,65.3,69.2,69.8,56.5,61.5,"37,926",29.4,26%,2023
24,Royal Greystone University,United Kingdom,63.5,79.6,80.8,85.3,80.1,76.8,"6,901",10.9,6%,2023
251-300,Royal Highgate University,Germany,21.7,43.3,22.8,11.9,30.2,20.9,"44,185",21.0,9%,2023
102,Royal Hollowmere University,Canada,57.7,68.1,62.3,58.1,69.0,60.3,"36,236",16.1,42%,2023
=41,Royal Ironbridge University,Germany,71.7,75.8,69.4,70.9,76.7,71.2,"24,846",15.2,35%,2023
251-300,Royal Juniper University,Japan,30.3,36.7,24.9,32.0,40.7,29.9,"29,928",28.3,42%,2023
251-300,Royal Kingsport University,France,29.9,47.7,27.1,15.8,33.3,26.3,"20,514",9.6,41%,2023
201-250,Royal Lakeside University,France,53.7,61.4,31.5,37.5,50.6,42.7,"37,494",29.9,30%,2023
201-250,Royal Marlow University,United States,39.6,34.0,46.5,39.0,51.0,41.4,"35,987",15.1,42%,2023
=114,Royal Northfield University,Australia,59.9,59.3,54.7,59.9,59.1,58.2,"28,034",21.6,20%,2023
=117,Royal Oakridge University,Japan,60.6,67.6,58.1,52.5,42.2,57.5,"18,870",29.2,2%,2023
251-300,ROYAL QUEENSBURY UNIVERSITY,United Kingdom,17.3,24.4,24.7,27.7,43.6,23.8,"25,885",7.4,5%,2023
=111,Royal Riverton University,Germany,65.8,50.2,55.0,56.7,63.9,58.6,"31,429",28.1,7%,2023
=175,Royal Stonebrook University,United Kingdom,50.0,47.9,47.4,54.3,37.1,50.0,"30,348",19.6,6%,2023
16,Royal Thornbury University,Canada,76.7,79.0,87.8,74.7,72.7,79.5,"21,046",22.9,17%,2023
201-250,Royal Upton University,France,53.9,41.6,41.8,36.7,47.9,44.0,"37,032",9.6,32%,2023
251-300,Royal Valemont University,Kazakhstan,37.1,35.5,35.9,39.3,39.5,37.3,"15,704",18.8,36%,2023
=127,Royal Westbury University,Canada,75.4,49.2,56.1,38.2,53.2,55.9,"30,698",22.2,27%,2023
82,Royal Yarrow University,Australia,69.7,61.1,51.9,70.6,-,64.2,"10,154",16.9,8%,2023
124,South Aldermoor University,France,49.7,53.6,59.3,60.7,52.5,56.2,"29,812",9.7,34%,2023
251-300,South Ashford University,United Kingdom,22.9,37.2,29.6,17.3,15.9,24.1,"48,700",11.9,17%,2023
=103,South Brightwater University,Kazakhstan,50.1,67.2,59.3,69.1,59.6,60.1,"48,799",26.5,3%,2023
251-300,South Caldera University,United States,29.7,42.5,31.3,18.4,-,28.0,"42,543",6.8,14%,2023
76,South Clearwater University,Australia,66.2,60.0,74.6,54.5,67.1,64.8,"44,402",23.0,16%,2023
251-300,South Deepwell University,France,32.8,26.7,26.9,27.3,-,29.0,"6,958",30.0,14%,2023
190,South Eastvale University,Canada,51.6,52.6,35.8,54.1,60.7,47.9,"22,483",6.2,37%,2023
201-250,South Elmstead University,Kazakhstan,50.8,26.8,32.7,49.4,49.4,43.1,"40,999",9.9,35%,2023
201-250,South Fairhaven University,Kazakhstan,48.1,28.3,47.4,38.5,-,43.2,"47,560",22.2,32%,2023
=79,South Foxhill University,United Kingdom,73.9,47.1,55.7,68.6,62.8,64.6,"35,749",7.4,8%,2023
=93,South Glenrock University,Japan,59.7,38.3,65.2,66.1,57.4,61.6,"52,290",20.2,37%,2023
154,South Greystone University,Kazakhstan,60.9,38.8,49.1,51.9,50.6,52.8,"18,535",22.4,31%,2023
=131,South Highgate University,Canada,50.6,81.9,44.4,63.5,76.7,55.6,"12,030",20.1,10%,2023
251-300,South Hollowmere University,Japan,40.0,45.2,25.0,22.4,45.8,30.8,"8,081",14.8,30%,2023
=187,South Ironbridge University,Kazakhstan,50.8,62.4,29.2,60.9,53.4,48.3,"35,390",22.7,23%,2023
47,South Kingsport University,Kazakhstan,64.4,64.3,69.3,78.1,52.4,69.7,"41,574",20.3,21%,2023
201-250,South Marlow University,United Kingdom,39.0,50.9,45.4,49.1,-,45.0,"19,578",11.0,7%,2023
=115,South Northfield University,Canada,61.5,57.7,58.1,54.5,65.5,58.2,"48,424",19.5,24%,2023
=99,South Oakridge University,Australia,64.8,56.5,60.2,59.6,53.5,61.0,"45,445",27.2,6%,2023
77,South Queensbury University,United Kingdom,55.5,64.5,72.0,65.9,72.7,64.7,"23,109",22.0,9%,2023
26,South Riverton University,United States,79.0,71.2,68.2,80.9,70.7,75.5,"16,494",17.3,8%,2023
251-300,South Stonebrook University,France,38.5,46.4,23.1,33.4,43.3,33.0,"46,154",13.7,43%,2023
251-300,South Upton University,United Kingdom,26.6,32.4,37.2,28.6,34.0,31.0,"41,095",8.1,14%,2023
29,South Valemont University,United States,73.4,69.1,74.4,76.4,75.8,74.3,"12,957",11.9,17%,2023
1,South Westbury University,United Kingdom,100.0,85.0,98.4,100.0,100.0,98.4,"17,677",6.3,16%,2023
201-250,State Aldermoor University,Kazakhstan,54.1,34.7,52.3,33.4,42.6,45.6,"30,483",29.7,41%,2023
251-300,State Ashford University,United States,40.5,28.3,14.9,31.3,31.5,28.9,"32,411",11.3,26%,2023
=116,State Brightwater University,Japan,55.8,52.2,63.8,55.3,45.8,57.5,"12,535",25.6,42%,2023
201-250,State Caldera University,France,52.1,41.9,33.1,45.4,43.3,43.4,"55,566",10.0,15%,2023
191,State Deepwell University,Canada,45.5,51.7,50.7,46.2,49.6,47.8,"25,535",12.8,7%,2023
251-300,State Dunmore University,Australia,39.3,43.8,25.3,40.2,-,35.7,"25,186",16.0,26%,2023
35,State Eastvale University,Japan,71.9,72.5,63.4,83.7,69.6,72.9,"6,361",13.8,17%,2023
60,State Elmstead University,Kazakhstan,66.3,76.2,75.2,57.3,71.5,67.2,"52,134",25.2,36%,2023
251-300,State Fairhaven University,United Kingdom,36.8,42.5,29.5,29.1,33.1,32.6,"16,179",29.0,40%,2023
=42,State Glenrock University,France,75.6,55.9,74.8,67.2,66.0,71.2,"58,488",27.0,22%,2023
6,STATE GREYSTONE UNIVERSITY,Kazakhstan,86.2,93.4,77.6,86.6,94.8,84.5,"31,438",9.7,44%,2023
=104,State Hollowmere University,France,69.7,55.7,58.7,52.5,64.2,60.1,"52,918",24.6,26%,2023
=133,State Juniper University,Canada,56.9,60.3,64.1,45.0,-,55.5,"13,059",9.6,14%,2023
108,State Kingsport University,United States,57.7,61.6,67.7,51.7,56.0,59.2,"12,374",27.9,23%,2023
106,State Marlow University,Australia,67.3,57.7,49.1,63.7,58.8,59.8,"48,618",18.4,4%,2023
251-300,State Northfield University,Australia,5.5,16.2,17.9,16.6,35.2,14.1,"50,063",14.1,37%,2023
92,State Oakridge University,Kazakhstan,63.1,58.0,66.3,56.9,56.7,61.7,"33,421",9.8,6%,2023
201-250,State Pinecrest University,Kazakhstan,22.5,37.4,57.2,60.5,52.7,46.2,"4,828",6.3,15%,2023
40,State Queensbury University,Canada,66.5,87.9,70.3,73.0,82.8,71.6,"56,289",12.0,26%,2023
=162,State Riverton University,France,54.9,62.6,44.1,52.3,58.8,51.6,"25,322",27.9,4%,2023
15,State Stonebrook University,Kazakhstan,87.9,75.6,77.8,82.4,-,81.9,"57,455",25.1,5%,2023
251-300,State Thornbury University,Canada,24.5,38.7,31.2,36.6,29.4,31.3,"54,044",29.3,32%,2023
119,State Upton University,Germany,53.7,55.4,51.1,66.0,-,57.0,"51,615",8.4,5%,2023
105,State Yarrow University,Canada,72.6,54.9,54.8,52.8,67.4,59.9,"41,902",20.2,23%,2023
201-250,Stonebrook Institute of Technology,Japan,42.5,53.6,46.0,44.7,49.6,45.2,"41,365",12.2,17%,2023
89,  Technical Aldermoor University ,Kazakhstan,72.3,56.2,59.1,58.8,53.2,62.6,"33,146",19.0,12%,2023
=55,Technical Clearwater University,Canada,65.2,83.5,68.8,65.4,-,67.9,"4,523",13.7,10%,2023
251-300,Technical Deepwell University,France,52.1,39.6,33.7,25.9,39.5,37.4,"25,528",12.8,35%,2023
251-300,Technical Dunmore University,Australia,38.4,31.8,19.2,29.9,21.4,29.2,"44,981",19.8,43%,2023
201-250,Technical Elmstead University,Kazakhstan,53.8,49.7,43.7,37.2,40.9,45.2,"48,429",10.4,8%,2023
201-250,Technical Fairhaven University,Germany,35.6,46.1,34.3,49.8,51.0,40.7,"34,337",17.3,43%,2023
201-250,Technical Glenrock University,Germany,47.2,44.6,35.0,49.8,51.5,44.3,"43,272",21.6,28%,2023
189,Technical Highgate University,United Kingdom,53.6,50.8,37.4,51.8,56.7,48.0,"4,290",9.1,30%,2023
251-300,Technical Hollowmere University,Germany,14.1,23.4,19.4,20.5,33.6,18.8,"28,828",28.3,33%,2023
251-300,Technical Ironbridge University,Australia,26.2,21.6,19.6,26.7,50.2,24.6,"30,991",18.1,32%,2023
53,Technical Kingsport University,Australia,60.8,72.5,71.5,74.9,-,68.9,"53,073",25.7,37%,2023
=150,  Technical Lakeside University ,Australia,59.3,53.7,54.1,48.5,39.8,53.6,"20,699",21.7,23%,2023
251-300,Technical Marlow University,Germany,17.7,19.9,4.0,18.9,11.7,14.0,"16,129",23.0,25%,2023
67,Technical Northfield University,Kazakhstan,61.9,77.5,64.7,69.8,57.8,66.2,"22,825",23.2,16%,2023
123,Technical Oakridge University,France,59.0,73.3,54.1,52.4,51.1,56.4,"12,588",27.0,7%,2023
201-250,Technical Pinecrest University,United States,49.0,44.7,50.5,38.4,46.7,45.9,"35,495",20.7,31%,2023
251-300,Technical Queensbury University,Canada,44.2,39.6,39.7,27.9,26.1,37.1,"39,514",12.7,3%,2023
135,Technical Riverton University,France,56.8,64.5,52.5,53.5,69.4,55.4,"50,102",8.4,14%,2023
178,Technical Stonebrook University,Kazakhstan,52.9,60.9,48.2,43.9,60.0,49.6,"57,453",20.6,6%,2023
10,Technical Upton University,Kazakhstan,91.0,77.4,76.8,83.8,90.0,83.5,"7,111",7.6,10%,2023
46,Technical Valemont University,Kazakhstan,58.8,74.2,73.3,77.6,66.3,70.1,"17,427",11.8,29%,2023
=109,Technical Westbury University,Germany,50.4,65.9,46.5,77.1,71.6,58.9,"19,944",7.5,29%,2023
=196,Thornbury Institute of Technology,Kazakhstan,53.5,49.7,50.4,37.8,46.4,47.4,"17,452",19.2,20%,2023
11,University of Ashford,Australia,75.6,81.6,88.4,85.2,92.1,83.2,"49,959",9.8,6%,2023
=112,University of Bellmont,Japan,49.0,44.6,59.1,70.7,64.3,58.6,"10,968",20.6,21%,2023
28,University of Brightwater,France,73.7,57.0,84.3,72.7,59.1,75.0,"4,719",25.0,17%,2023
194,University of Clearwater,Australia,49.9,55.8,42.1,49.6,35.6,47.6,"50,950",25.7,33%,2023
201-250,University of Deepwell,France,53.6,48.4,45.4,33.1,34.1,44.1,"57,118",13.4,27%,2023
201-250,University of Elmstead,Germany,53.1,48.9,33.6,51.8,46.9,46.4,"15,976",19.2,23%,2023
=144,University of Fairhaven,United States,56.8,55.1,47.8,56.7,68.1,54.2,"21,871",19.5,23%,2023
7,University of Foxhill,Australia,81.3,78.9,90.2,82.5,73.9,84.0,"31,721",17.3,44%,2023
=165,University of Glenrock,Germany,52.1,68.3,51.0,45.1,69.6,51.3,"33,845",21.7,35%,2023
188,University of Greystone,Kazakhstan,43.4,56.0,43.5,55.2,49.0,48.1,"60,221",11.0,23%,2023
=62,University of Highgate,Canada,67.9,61.6,57.4,76.7,68.8,67.0,"25,289",29.5,23%,2023
201-250,University of Ironbridge,Australia,60.8,47.3,33.6,40.8,42.6,45.2,"3,697",8.4,3%,2023
=32,University of Kingsport,France,86.3,72.2,70.4,65.2,61.2,73.5,"27,765",25.9,43%,2023
251-300,University of Lakeside,France,25.5,4.1,12.4,1.8,20.3,12.7,"34,071",20.3,16%,2023
185,University of Northfield,Kazakhstan,44.0,51.1,53.5,47.4,46.2,48.5,"33,282",11.9,13%,2023
=147,University of Queensbury,Australia,50.5,58.2,59.9,52.3,35.3,54.1,"31,371",23.9,45%,2023
251-300,University of Stonebrook,Australia,25.6,8.3,19.8,7.9,19.8,17.1,"57,170",8.0,33%,2023
251-300,University of Thornbury,Canada,38.8,26.0,28.7,31.3,31.5,32.4,"49,515",24.6,4%,2023
201-250,University of Upton,Australia,39.1,34.4,47.7,35.8,36.1,40.3,"17,308",20.2,5%,2023
142,University of Valemont,Australia,63.0,50.7,49.6,51.7,51.8,54.4,"23,085",8.7,3%,2023
31,University of Yarrow,United Kingdom,76.6,72.8,76.2,70.0,70.0,74.1,"41,042",7.9,28%,2023
122,Upton Institute of Technology,Kazakhstan,49.6,35.8,60.9,64.9,49.9,56.6,"25,972",24.0,5%,2023
=193,West Aldermoor University,United Kingdom,38.5,46.6,56.6,48.7,40.8,47.7,"27,831",13.0,42%,2023
=145,West Bellmont University,Germany,55.9,62.8,43.4,60.4,61.8,54.2,"12,331",27.3,42%,2023
=19,West Brightwater University,Kazakhstan,75.7,74.8,75.7,86.9,82.1,79.2,"17,582",24.3,25%,2023
201-250,West Clearwater University,Kazakhstan,47.6,22.9,55.9,40.5,-,45.9,"43,887",22.8,29%,2023
=156,West Deepwell University,Canada,51.0,39.9,58.1,52.6,41.1,52.5,"51,000",12.7,15%,2023
71,West Eastvale University,Japan,63.7,72.4,67.3,63.1,66.8,65.4,"48,944",23.0,5%,2023
118,West Elmstead University,Japan,65.9,35.4,59.0,52.4,59.6,57.3,"20,627",28.8,34%,2023
69,West Fairhaven University,Canada,66.9,62.3,63.5,68.2,63.8,65.9,"11,006",8.2,6%,2023
201-250,West Foxhill University,Japan,41.2,41.8,51.7,43.8,58.9,45.6,"12,062",13.8,6%,2023
=18,West Glenrock University,Canada,80.3,81.3,76.2,81.0,76.3,79.2,"25,210",11.6,15%,2023
201-250,West Greystone University,Kazakhstan,37.8,37.1,39.1,46.2,48.7,40.9,"32,339",15.4,3%,2023
180,West Highgate University,Australia,44.1,62.2,62.3,35.4,74.5,49.1,"54,921",23.8,21%,2023
158,West Ironbridge University,United Kingdom,46.1,57.6,48.7,60.7,46.4,52.1,"54,760",17.4,32%,2023
251-300,West Juniper University,Germany,25.7,47.7,35.4,10.6,34.4,25.9,"3,145",19.7,36%,2023
251-300,West Kingsport University,Australia,33.1,28.3,54.5,27.5,30.7,37.4,"42,257",13.5,28%,2023
=52,West Lakeside University,Canada,66.9,73.9,56.4,82.6,-,69.1,"20,040",9.4,38%,2023
=161,West Marlow University,Kazakhstan,49.5,41.3,54.1,54.4,43.7,51.6,"14,372",12.4,19%,2023
251-300,West Northfield University,Germany,40.9,45.8,24.6,17.0,22.6,28.8,"33,987",26.6,38%,2023
=160,  West Oakridge University ,Kazakhstan,52.8,48.6,58.8,44.3,52.4,51.7,"4,792",20.5,24%,2023
8,West Pinecrest University,United States,77.5,74.9,84.2,92.6,72.5,83.7,"21,871",15.1,12%,2023
251-300,West Queensbury University,Kazakhstan,21.0,18.6,25.5,5.3,23.0,17.5,"34,687",25.0,43%,2023
251-300,West Riverton University,Canada,29.5,17.2,31.8,27.0,21.4,28.3,"18,070",7.5,14%,2023
201-250,West Thornbury University,Japan,27.6,53.4,53.5,54.7,36.1,45.7,"35,799",12.1,3%,2023
17,West Upton University,France,76.4,87.9,89.1,70.5,81.9,79.4,"28,724",11.5,12%,2023
=192,West Valemont University,Canada,44.3,63.4,42.5,51.2,61.1,47.7,"49,104",29.6,18%,2023
=65,West Westbury University,Japan,66.6,55.8,78.1,57.2,70.5,66.5,"13,111",22.9,17%,2023
198,West Yarrow University,Japan,41.1,36.5,47.9,54.0,62.0,47.2,"6,398",20.8,25%,2023
201-250,Westbury Institute of Technology,Kazakhstan,43.9,43.6,42.8,39.0,42.8,42.0,"33,952",6.1,40%,2023
97,Yarrow Institute of Technology,Kazakhstan,73.1,51.9,56.5,56.5,69.5,61.4,"17,812",10.4,15%,2023
=165,Aldermoor Institute of Technology,Canada,59.1,61.3,43.8,48.1,55.8,51.3,"37,094",19.8,29%,2024
=182,Ashford Institute of Technology,Japan,54.0,46.4,50.1,44.9,40.7,49.2,"7,803",8.2,18%,2024
251-300,Caldera Institute of Technology,Australia,30.7,36.0,42.5,39.0,44.9,37.5,"26,546",26.3,42%,2024
82,Central Aldermoor University,Canada,68.9,64.9,62.2,62.4,56.7,64.3,"52,640",10.2,35%,2024
201-250,Central Ashford University,Germany,43.8,41.2,51.8,44.8,56.3,46.6,"46,924",24.4,21%,2024
200,Central Caldera University,Australia,56.4,54.2,51.1,32.8,44.0,47.2,"40,381",14.7,34%,2024
201-250,Central Clearwater University,Japan,47.2,35.1,41.6,42.5,31.3,42.8,"52,672",24.8,44%,2024
201-250,Central Deepwell University,United States,29.0,49.0,63.1,39.6,38.9,44.1,"48,289",11.0,22%,2024
136,  Central Dunmore University ,Japan,42.0,66.4,59.5,61.1,52.3,55.1,"39,268",10.5,30%,2024
135,Central Elmstead University,France,64.2,47.5,55.4,48.5,49.2,55.2,"53,623",17.9,42%,2024
91,Central Fairhaven University,Australia,69.1,66.9,59.2,58.7,56.3,62.5,"9,936",6.8,13%,2024
201-250,Central Glenrock University,Australia,44.1,62.2,51.8,33.2,46.6,44.5,"50,676",11.4,40%,2024
26,Central Greystone University,United Kingdom,64.9,75.3,76.9,85.1,59.4,75.2,"20,105",23.4,6%,2024
201-250,Central Highgate University,Australia,53.6,48.0,45.7,39.5,48.8,46.4,"44,825",26.1,30%,2024
251-300,Central Hollowmere University,United Kingdom,36.6,23.5,45.0,29.1,15.6,35.4,"54,993",7.9,36%,2024
65,Central Ironbridge University,Canada,80.5,63.3,62.4,58.9,61.7,66.8,"31,003",27.2,28%,2024
=180,Central Juniper University,Canada,52.9,51.2,39.0,57.1,-,49.5,"7,871",25.1,23%,2024
=48,Central Lakeside University,Germany,65.4,65.9,75.9,68.6,63.3,69.5,"23,437",26.9,29%,2024
88,Central Marlow University,United States,58.4,66.7,67.3,61.1,81.7,63.1,"26,242",22.8,9%,2024
201-250,Central Northfield University,Kazakhstan,47.6,39.7,42.1,41.2,-,43.6,"57,241",22.2,11%,2024
95,Central Oakridge University,Germany,58.5,59.5,60.2,67.7,59.6,61.9,"55,092",18.6,14%,2024
8,Central Queensbury University,United Kingdom,79.9,85.9,79.1,96.2,75.7,84.9,"35,041",21.7,28%,2024
25,Central Riverton University,United Kingdom,89.8,92.9,70.8,62.8,73.4,75.8,"55,772",28.1,21%,2024
=45,Central Stonebrook University,Germany,75.5,42.4,81.1,62.1,61.1,70.3,"28,096",8.4,13%,2024
=171,Central Thornbury University,United Kingdom,62.1,64.2,51.1,36.0,47.7,50.8,"26,646",13.6,40%,2024
49,Central Upton University,Japan,62.8,72.2,67.2,76.6,80.1,69.4,"52,073",7.7,18%,2024
201-250,Clearwater Institute of Technology,Germany,49.6,46.2,40.2,30.4,33.6,40.4,"41,799",28.7,21%,2024
53,Deepwell Institute of Technology,United States,68.9,64.6,64.5,74.2,59.5,68.6,"32,568",16.7,20%,2024
=110,Dunmore Institute of Technology,United States,60.5,60.2,56.5,60.2,50.0,58.9,"29,294",22.2,10%,2024
149,East Aldermoor University,Japan,61.6,48.3,36.7,62.5,54.7,53.2,"44,308",26.2,33%,2024
201-250,East Ashford University,United States,48.3,50.4,42.6,28.5,35.9,40.5,"44,973",29.8,21%,2024
251-300,East Bellmont University,Canada,40.7,29.0,16.9,34.2,29.0,30.5,"30,161",9.9,3%,2024
251-300,East Brightwater University,United States,29.1,34.0,28.1,37.8,23.9,31.7,"4,681",25.2,43%,2024
201-250,East Caldera University,United Kingdom,42.5,37.1,37.9,50.2,37.5,42.9,"8,749",27.3,37%,2024
201-250,East Clearwater University,United Kingdom,35.2,51.1,55.9,48.0,57.7,47.0,"11,238",7.2,33%,2024
163,East Deepwell University,Germany,52.4,45.9,46.4,57.2,51.9,51.5,"29,903",24.1,39%,2024
10,East Dunmore University,Canada,77.3,87.1,93.1,83.0,83.4,84.6,"39,050",14.5,41%,2024
90,East Eastvale University,Germany,55.9,76.8,68.8,60.5,59.2,62.8,"48,206",21.6,17%,2024
201-250,East Elmstead University,United States,53.0,37.7,43.4,30.8,44.1,42.1,"16,591",18.3,28%,2024
105,East Fairhaven University,Australia,72.6,58.0,50.1,58.9,57.9,60.3,"48,782",12.2,28%,2024
201-250,East Foxhill University,France,55.7,36.8,44.1,27.2,42.4,41.9,"39,849",9.2,13%,2024
126,East Glenrock University,Canada,53.5,53.1,60.2,57.7,-,56.6,"5,798",8.8,12%,2024
=80,East Greystone University,France,74.4,46.2,54.0,68.6,-,64.5,"23,589",8.5,7%,2024
83,East Highgate University,Australia,68.8,56.0,65.3,61.1,51.6,64.0,"19,823",21.3,30%,2024
251-300,East Hollowmere University,United Kingdom,40.6,37.5,29.6,17.5,43.9,30.2,"53,726",14.4,36%,2024
76,East Ironbridge University,Australia,58.2,77.1,66.0,69.5,52.0,65.2,"55,718",11.2,35%,2024
=154,East Juniper University,United States,49.2,67.3,50.7,55.4,45.1,52.7,"49,119",22.6,16%,2024
=164,East Kingsport University,United Kingdom,51.9,51.1,53.5,47.8,61.3,51.3,"32,643",22.5,11%,2024
14,East Marlow University,Japan,76.9,95.1,86.1,77.9,91.4,81.7,"30,749",18.9,22%,2024
=75,East Northfield University,France,61.9,65.3,77.5,57.0,61.7,65.4,"21,336",28.4,26%,2024
57,East Pinecrest University,Australia,74.1,76.7,55.9,71.0,70.5,67.8,"45,914",15.2,42%,2024
58,East Riverton University,United Kingdom,78.5,65.0,63.0,63.0,59.7,67.7,"8,003",26.1,40%,2024
52,East Stonebrook University,Canada,72.5,65.7,61.1,73.9,62.5,68.8,"18,114",7.8,41%,2024
173,East Upton University,Germany,57.0,56.7,42.2,50.5,49.1,50.4,"10,819",23.8,39%,2024
129,East Valemont University,Australia,55.1,48.8,54.1,61.5,52.4,56.2,"32,072",29.7,43%,2024
=187,East Westbury University,Japan,46.7,37.5,55.5,45.8,48.6,48.4,"20,420",26.3,22%,2024
41,East Yarrow University,Japan,68.6,57.3,72.2,79.0,63.2,71.8,"14,240",19.9,4%,2024
201-250,Eastvale Institute of Technology,Australia,36.6,51.4,51.9,46.9,38.5,45.4,"25,021",21.0,6%,2024
137,Elmstead Institute of Technology,Canada,59.5,53.0,45.2,61.4,47.0,55.0,"51,510",14.5,19%,2024
=55,Fairhaven Institute of Technology,Kazakhstan,65.0,68.8,68.4,70.2,74.5,68.1,"35,377",22.3,13%,2024
89,Glenrock Institute of Technology,United States,56.1,66.1,76.8,54.5,70.3,62.9,"49,424",24.5,9%,2024
144,Greystone Institute of Technology,Germany,57.2,60.6,56.0,47.2,59.3,54.1,"55,938",30.0,43%,2024
108,Highgate Institute of Technology,Canada,60.5,61.4,62.6,54.5,69.3,59.6,"54,503",17.8,10%,2024
201-250,Hollowmere Institute of Technology,Kazakhstan,40.6,51.5,41.3,50.4,54.4,44.9,"23,099",7.5,43%,2024
19,Ironbridge Institute of Technology,Germany,69.8,82.5,90.2,78.4,76.3,79.6,"54,395",20.3,35%,2024
=186,Kingsport Institute of Technology,Japan,50.4,49.5,51.7,44.0,36.7,48.4,"54,834",8.9,30%,2024
152,Lakeside Institute of Technology,Canada,57.0,49.9,40.9,62.3,46.0,53.0,"58,514",11.9,31%,2024
251-300,Marlow Institute of Technology,Japan,32.8,33.6,24.7,4.6,19.5,21.6,"22,925",13.9,16%,2024
251-300,National Aldermoor University,Australia,30.0,37.4,19.6,33.2,49.2,28.9,"16,191",23.5,30%,2024
39,National Ashford University,France,67.1,87.7,82.3,64.5,70.0,72.5,"36,897",10.4,10%,2024
111,National Brightwater University,Germany,57.4,70.7,57.4,57.4,-,58.5,"54,676",10.0,42%,2024
251-300,National Clearwater University,France,38.7,40.1,21.7,28.1,38.0,30.5,"55,897",7.1,15%,2024
251-300,National Deepwell University,Japan,32.5,35.9,21.9,13.2,32.7,23.8,"34,710",27.0,13%,2024
251-300,National Dunmore University,Canada,21.0,10.2,9.2,14.3,8.1,14.3,"11,532",22.6,33%,2024
=150,National Eastvale University,Kazakhstan,52.0,52.6,47.4,60.1,54.1,53.1,"27,634",7.0,30%,2024
1,National Fairhaven University,Japan,99.5,84.0,98.7,100.0,-,98.2,"43,953",6.7,21%,2024
113,National Glenrock University,Canada,49.4,55.0,64.8,61.2,56.2,58.1,"35,490",19.4,29%,2024
=119,National Highgate University,Japan,49.0,63.6,56.3,64.5,-,57.3,"23,304",12.8,9%,2024
66,National Hollowmere University,Kazakhstan,66.0,68.0,68.2,62.9,67.7,65.9,"21,968",20.3,31%,2024
251-300,National Juniper University,Japan,35.3,45.1,33.5,34.4,28.1,35.0,"6,327",16.4,14%,2024
161,National Kingsport University,France,45.7,52.5,71.0,37.1,67.6,51.7,"19,018",28.2,14%,2024
=84,National Lakeside University,Canada,66.7,50.2,56.8,70.9,65.7,63.7,"41,189",12.9,9%,2024
=139,National Marlow University,Germany,47.8,51.9,65.2,52.0,52.9,54.7,"16,310",22.3,16%,2024
=51,  National Northfield University ,France,65.8,68.3,82.1,59.0,78.6,69.2,"59,615",7.3,16%,2024
100,National Oakridge University,France,63.3,62.7,54.5,63.6,65.5,60.7,"7,883",28.9,22%,2024
=61,National Riverton University,Germany,59.3,70.9,81.2,59.4,65.1,66.9,"36,914",29.5,10%,2024
=176,National Stonebrook University,Australia,51.8,41.2,55.6,45.7,41.0,50.0,"31,119",23.7,10%,2024
=5,National Thornbury University,United Kingdom,79.5,77.4,91.5,88.0,83.9,85.6,"50,686",17.2,25%,2024
=37,National Upton University,Japan,71.0,68.5,78.3,69.2,82.5,72.7,"52,856",11.3,8%,2024
201-250,National Valemont University,United Kingdom,36.8,47.6,43.2,51.9,43.7,44.2,"33,826",25.5,32%,2024
=191,National Westbury University,Australia,57.7,45.9,48.3,38.5,39.8,47.8,"39,516",23.7,43%,2024
24,National Yarrow University,France,71.3,71.1,84.4,76.2,84.3,77.0,"44,075",11.3,20%,2024
125,North Ashford University,Australia,36.3,49.7,69.4,66.5,54.3,56.7,"32,971",16.8,41%,2024
=94,North Brightwater University,France,54.0,64.4,64.2,68.4,56.6,62.2,"13,457",17.1,6%,2024
=166,North Caldera University,France,52.6,49.3,46.8,56.2,34.5,51.3,"27,606",25.8,4%,2024
=74,North Clearwater University,Kazakhstan,68.4,83.5,67.3,55.4,73.4,65.4,"16,841",22.4,33%,2024
=73,North Deepwell University,United States,63.8,55.0,73.7,63.8,39.8,65.5,"28,633",21.4,35%,2024
81,North Dunmore University,Canada,69.1,59.6,65.8,59.9,58.8,64.4,"38,118",21.6,38%,2024
22,North Eastvale University,Japan,60.4,63.2,91.5,85.5,77.6,77.9,"14,550",12.5,4%,2024
201-250,North Elmstead University,Kazakhstan,48.1,38.6,39.1,46.2,57.3,44.4,"17,594",14.9,35%,2024
251-300,North Fairhaven University,Kazakhstan,48.7,33.1,25.5,28.1,28.8,33.9,"51,068",7.1,18%,2024
201-250,North Foxhill University,Japan,40.8,42.2,42.3,49.5,54.2,44.3,"24,274",24.9,15%,2024
=151,North Glenrock University,Japan,58.2,72.1,49.3,46.5,59.9,53.1,"14,499",16.4,9%,2024
251-300,North Greystone University,Germany,27.8,31.1,31.7,25.1,30.5,28.4,"44,943",16.5,45%,2024
=68,North Highgate University,Germany,56.9,75.5,65.0,72.4,73.3,65.8,"43,765",11.9,5%,2024
116,North Hollowmere University,Germany,56.0,56.1,63.5,54.0,54.0,57.6,"51,229",11.0,38%,2024
32,North Ironbridge University,Japan,88.3,77.7,55.9,76.6,87.3,74.3,"45,471",20.1,29%,2024
251-300,North Kingsport University,Kazakhstan,37.7,20.9,17.0,19.0,13.7,24.0,"59,474",11.6,34%,2024
175,NORTH LAKESIDE UNIVERSITY,Japan,43.4,45.2,58.4,50.1,51.0,50.2,"34,789",7.5,33%,2024
201-250,North Marlow University,United Kingdom,51.4,46.5,34.5,37.4,42.3,41.5,"19,351",24.4,39%,2024
201-250,North Northfield University,United Kingdom,46.3,22.7,43.2,53.9,48.1,45.9,"53,279",15.0,10%,2024
=192,North Oakridge University,Canada,63.2,33.5,32.5,49.4,68.3,47.8,"17,830",15.1,2%,2024
160,North Queensbury University,Japan,50.4,50.1,64.2,41.6,45.6,51.8,"19,849",16.4,28%,2024
=121,North Riverton University,Canada,52.8,56.5,57.5,63.1,36.7,57.2,"50,520",25.6,17%,2024
189,North Stonebrook University,Australia,54.0,54.2,48.0,41.8,40.3,48.2,"54,002",13.7,7%,2024
46,North Thornbury University,France,83.2,60.0,74.9,54.5,60.2,69.8,"22,708",24.2,10%,2024
201-250,North Upton University,Australia,42.6,36.1,43.8,37.1,39.1,40.7,"45,154",28.5,16%,2024
40,North Valemont University,Japan,69.5,78.4,74.6,71.4,69.8,72.3,"54,209",21.9,5%,2024
36,North Westbury University,United Kingdom,77.2,71.6,64.2,78.7,59.1,72.9,"47,508",16.4,4%,2024
=99,North Yarrow University,Germany,59.9,64.9,63.7,57.5,66.6,60.9,"3,191",23.9,41%,2024
=70,Northfield Institute of Technology,Japan,63.5,73.3,68.9,62.7,59.0,65.5,"40,490",17.0,15%,2024
102,Pacific Aldermoor University,Germany,66.7,61.8,61.2,52.9,65.8,60.5,"12,982",15.9,44%,2024
=4,PACIFIC ASHFORD UNIVERSITY,France,86.8,79.5,84.3,86.1,99.7,85.6,"51,083",18.6,43%,2024
=142,Pacific Bellmont University,Australia,53.0,52.1,57.1,54.5,52.4,54.6,"6,956",13.6,8%,2024
251-300,Pacific Brightwater University,Kazakhstan,42.7,40.1,32.9,36.9,49.8,38.0,"60,883",8.5,33%,2024
=140,Pacific Clearwater University,Australia,47.6,44.4,64.0,56.0,42.9,54.7,"13,357",16.0,28%,2024
=188,Pacific Deepwell University,Kazakhstan,46.3,53.1,40.2,59.2,28.3,48.4,"26,584",9.0,32%,2024
201-250,Pacific Dunmore University,Canada,26.1,22.0,63.2,36.8,35.3,40.4,"16,090",15.9,6%,2024
162,Pacific Eastvale University,Kazakhstan,52.0,38.5,56.0,51.0,38.9,51.6,"48,621",19.4,10%,2024
=120,Pacific Fairhaven University,United Kingdom,52.2,48.8,67.9,54.3,48.7,57.2,"25,567",28.3,5%,2024
=195,Pacific Foxhill University,Canada,46.6,53.7,45.8,46.4,72.5,47.5,"46,327",6.9,28%,2024
=179,Pacific Glenrock University,Canada,52.8,54.3,47.2,46.7,57.5,49.5,"6,751",20.9,44%,2024
201-250,Pacific Greystone University,United Kingdom,47.4,30.3,50.7,34.9,48.8,43.4,"27,963",17.0,31%,2024
17,Pacific Highgate University,France,71.1,70.6,96.4,76.7,75.9,80.4,"55,041",6.5,33%,2024
=27,Pacific Hollowmere University,Australia,77.1,68.4,74.6,75.5,70.3,75.0,"55,982",12.0,44%,2024
156,Pacific Ironbridge University,Germany,47.4,79.9,51.1,51.6,65.2,52.6,"14,481",8.8,31%,2024
201-250,Pacific Juniper University,Canada,36.5,60.6,32.6,48.7,47.4,41.0,"24,778",11.2,4%,2024
168,Pacific Marlow University,Canada,56.0,58.1,43.6,50.8,63.5,51.1,"26,685",12.6,39%,2024
=64,Pacific Northfield University,United States,61.7,59.4,49.8,91.7,57.8,66.9,"34,404",15.6,18%,2024
251-300,Pacific Pinecrest University,Canada,30.0,23.7,29.5,20.4,26.3,26.4,"33,231",18.7,2%,2024
169,Pacific Stonebrook University,France,43.6,37.7,63.2,50.0,42.7,51.0,"9,280",6.0,24%,2024
128,  Pacific Thornbury University ,Australia,62.4,57.4,60.3,47.8,39.4,56.4,"46,084",9.9,42%,2024
174,Pacific Upton University,Australia,47.0,38.7,37.6,69.7,43.2,50.3,"16,319",8.2,13%,2024
147,Pacific Westbury University,Canada,38.5,54.3,57.0,65.1,-,53.6,"21,506",19.2,23%,2024
251-300,Pacific Yarrow University,United States,9.1,13.7,14.4,20.5,-,14.6,"49,530",13.9,9%,2024
15,Pinecrest Institute of Technology,Australia,78.7,69.3,95.2,71.8,78.2,80.9,"41,495",19.2,4%,2024
78,Queensbury Institute of Technology,United States,69.8,73.2,56.4,65.8,74.7,65.0,"25,273",11.3,5%,2024
201-250,Riverton Institute of Technology,Japan,52.5,55.8,45.1,40.9,33.7,46.6,"54,992",6.6,33%,2024
54,Royal Ashford University,United States,60.2,63.8,75.4,71.6,48.8,68.2,"25,857",28.6,39%,2024
251-300,Royal Bellmont University,United States,23.4,7.3,17.6,25.2,18.1,20.9,"34,928",8.6,8%,2024
201-250,Royal Brightwater University,Germany,46.6,46.7,49.2,45.6,44.8,47.1,"17,311",9.0,14%,2024
251-300,Royal Clearwater University,France,37.4,37.9,40.5,18.3,36.1,32.6,"13,819",9.5,10%,2024
251-300,Royal Deepwell University,Germany,28.1,43.9,37.7,30.4,39.4,33.1,"31,222",29.6,3%,2024
35,Royal Eastvale University,Kazakhstan,62.1,71.5,78.3,78.8,75.2,73.0,"34,673",20.8,26%,2024
13,Royal Elmstead University,France,83.8,69.2,73.9,90.4,90.5,81.9,"48,529",20.6,32%,2024
251-300,  Royal Fairhaven University ,Japan,40.8,31.0,34.6,34.1,30.4,36.0,"25,416",29.7,30%,2024
201-250,Royal Foxhill University,United Kingdom,41.3,47.1,35.6,36.7,40.2,38.6,"52,805",8.1,19%,2024
101,Royal Glenrock University,Canada,44.8,67.4,68.5,67.2,57.6,60.6,"38,614",29.4,26%,2024
23,Royal Greystone University,United Kingdom,64.2,79.0,81.9,86.6,81.7,77.8,"6,790",10.9,6%,2024
251-300,Royal Highgate University,Germany,22.4,42.1,18.2,11.4,30.3,19.5,"44,680",21.0,9%,2024
=103,Royal Hollowmere University,Canada,57.4,68.5,60.9,60.6,64.5,60.4,"35,239",16.1,42%,2024
42,Royal Ironbridge University,Germany,70.9,73.2,67.6,71.6,76.6,70.4,"25,836",15.2,35%,2024
251-300,Royal Juniper University,Japan,31.2,37.9,26.5,31.6,39.4,30.6,"29,230",28.3,42%,2024
251-300,Royal Kingsport University,France,28.3,47.2,25.8,13.6,34.3,24.7,"19,966",9.6,41%,2024
201-250,Royal Lakeside University,France,53.9,58.6,31.4,35.7,51.4,42.0,"37,359",29.9,30%,2024
201-250,Royal Marlow University,United States,39.3,33.0,45.7,40.8,51.8,41.5,"34,272",15.1,42%,2024
=109,Royal Northfield University,Australia,60.0,57.2,56.5,60.7,59.9,58.9,"28,061",21.6,20%,2024
123,Royal Oakridge University,Japan,60.6,66.9,60.0,48.6,43.9,56.9,"19,293",29.2,2%,2024
251-300,Royal Queensbury University,United Kingdom,20.2,24.4,24.0,28.8,45.2,24.9,"25,669",7.4,5%,2024
114,Royal Riverton University,Germany,65.6,49.1,53.2,56.6,63.9,57.9,"32,169",28.1,7%,2024
=177,Royal Stonebrook University,United Kingdom,50.7,48.9,46.2,54.1,40.2,50.0,"29,887",19.6,6%,2024
20,Royal Thornbury University,Canada,74.7,78.7,88.9,74.6,70.5,79.1,"21,146",22.9,17%,2024
201-250,Royal Upton University,France,55.7,41.2,40.3,37.7,46.5,44.3,"35,912",9.6,32%,2024
251-300,Royal Valemont University,Kazakhstan,36.5,35.9,36.6,39.1,39.5,37.4,"16,054",18.8,36%,2024
145,Royal Westbury University,Canada,71.9,51.9,56.0,34.7,52.1,54.0,"31,943",22.2,27%,2024
=85,Royal Yarrow University,Australia,67.9,59.4,51.3,72.2,73.2,63.7,"9,823",16.9,8%,2024
127,South Aldermoor University,France,50.1,55.9,58.7,61.4,51.2,56.5,"29,502",9.7,34%,2024
251-300,South Ashford University,United Kingdom,20.5,38.9,29.3,17.5,15.3,23.5,"48,371",11.9,17%,2024
106,South Brightwater University,Kazakhstan,50.7,65.6,58.2,70.1,60.7,60.1,"50,780",26.5,3%,2024
251-300,South Caldera University,United States,29.6,44.3,30.3,16.0,37.1,27.0,"43,640",6.8,14%,2024
=67,South Clearwater University,Australia,67.1,60.1,75.0,56.6,68.0,65.8,"46,721",23.0,16%,2024
251-300,South Deepwell University,France,33.8,26.4,28.5,25.2,35.7,29.1,"6,912",30.0,14%,2024
201-250,South Eastvale University,Canada,49.2,50.6,37.2,50.4,60.3,46.3,"22,866",6.2,37%,2024
201-250,South Elmstead University,Kazakhstan,55.8,28.1,35.1,51.6,-,46.1,"39,514",9.9,35%,2024
201-250,South Fairhaven University,Kazakhstan,49.2,28.2,47.0,43.5,38.6,45.0,"49,775",22.2,32%,2024
77,South Foxhill University,United Kingdom,74.8,47.4,56.5,68.8,61.3,65.1,"35,193",7.4,8%,2024
107,South Glenrock University,Japan,60.1,39.2,62.1,62.4,56.4,59.7,"52,427",20.2,37%,2024
157,South Greystone University,Kazakhstan,57.7,40.4,49.3,53.2,53.0,52.4,"18,077",22.4,31%,2024
146,South Highgate University,Canada,49.4,78.8,43.0,60.7,73.6,53.7,"11,977",20.1,10%,2024
251-300,South Hollowmere University,Japan,38.3,44.2,25.8,17.0,44.4,28.8,"7,809",14.8,30%,2024
190,South Ironbridge University,Kazakhstan,50.9,61.8,32.1,57.7,52.0,48.1,"35,923",22.7,23%,2024
=47,South Kingsport University,Kazakhstan,63.2,63.0,68.4,80.0,53.9,69.5,"40,457",20.3,21%,2024
201-250,South Marlow University,United Kingdom,37.8,49.5,43.6,48.6,45.2,43.8,"18,787",11.0,7%,2024
117,South Northfield University,Canada,61.6,58.0,57.8,52.3,65.3,57.5,"46,257",19.5,24%,2024
92,South Oakridge University,Australia,66.4,56.3,61.8,61.2,53.5,62.4,"44,006",27.2,6%,2024
60,South Queensbury University,United Kingdom,56.6,63.4,74.7,70.8,73.4,67.2,"22,833",22.0,9%,2024
30,South Riverton University,United States,76.4,70.1,68.1,81.4,-,74.7,"16,220",17.3,8%,2024
251-300,South Stonebrook University,France,35.7,45.4,23.0,33.0,42.0,32.0,"44,026",13.7,43%,2024
251-300,South Upton University,United Kingdom,27.7,32.9,39.5,31.1,32.2,32.8,"41,389",8.1,14%,2024
31,South Valemont University,United States,75.2,66.3,75.1,75.3,75.9,74.6,"12,913",11.9,17%,2024
2,South Westbury University,United Kingdom,99.5,86.3,99.5,97.5,100.0,97.9,"17,570",6.3,16%,2024
201-250,State Aldermoor University,Kazakhstan,52.3,35.0,50.7,31.2,-,43.9,"30,439",29.7,41%,2024
251-300,State Ashford University,United States,39.5,25.7,14.3,30.2,31.2,27.9,"32,075",11.3,26%,2024
=122,State Brightwater University,Japan,54.8,50.0,66.4,53.0,46.0,57.2,"12,289",25.6,42%,2024
201-250,State Caldera University,France,51.4,40.7,34.5,46.7,43.6,43.9,"57,958",10.0,15%,2024
193,State Deepwell University,Canada,44.9,50.3,50.5,46.9,51.8,47.7,"24,640",12.8,7%,2024
251-300,State Dunmore University,Australia,40.5,43.9,26.2,37.9,42.0,35.7,"24,031",16.0,26%,2024
34,State Eastvale University,Japan,73.6,71.8,64.5,83.5,69.4,73.6,"6,517",13.8,17%,2024
=63,State Elmstead University,Kazakhstan,64.6,74.7,75.8,57.9,71.1,66.9,"53,637",25.2,36%,2024
251-300,STATE FAIRHAVEN UNIVERSITY,United Kingdom,34.9,42.2,31.5,27.9,33.7,32.3,"16,722",29.0,40%,2024
=38,State Glenrock University,France,74.6,58.0,78.2,69.8,63.6,72.7,"58,572",27.0,22%,2024
7,State Greystone University,Kazakhstan,84.8,95.8,78.6,87.8,97.0,85.0,"31,076",9.7,44%,2024
96,State Hollowmere University,France,70.3,52.7,63.1,54.1,65.0,61.8,"51,717",24.6,26%,2024
124,State Juniper University,Canada,56.8,61.8,67.2,45.9,49.5,56.8,"13,080",9.6,14%,2024
97,State Kingsport University,United States,56.6,62.7,69.9,56.5,57.0,61.0,"12,461",27.9,23%,2024
112,State Marlow University,Australia,67.7,59.1,45.7,62.0,56.5,58.4,"49,081",18.4,4%,2024
251-300,State Northfield University,Australia,4.8,16.5,18.3,20.1,35.9,15.1,"48,359",14.1,37%,2024
86,State Oakridge University,Kazakhstan,63.9,57.5,69.5,58.9,58.7,63.5,"33,738",9.8,6%,2024
=199,  State Pinecrest University ,Kazakhstan,24.0,39.9,56.9,62.6,52.0,47.4,"4,689",6.3,15%,2024
=43,State Queensbury University,Canada,65.4,86.1,68.5,72.5,78.6,70.3,"55,635",12.0,26%,2024
158,State Riverton University,France,56.5,62.9,44.0,52.4,55.1,52.0,"26,165",27.9,4%,2024
12,State Stonebrook University,Kazakhstan,87.0,75.4,80.1,83.2,74.9,82.6,"56,511",25.1,5%,2024
251-300,State Thornbury University,Canada,27.2,38.2,29.5,35.3,30.4,31.2,"53,750",29.3,32%,2024
=133,State Upton University,Germany,53.4,54.2,49.1,63.8,62.6,55.5,"50,669",8.4,5%,2024
=98,State Yarrow University,Canada,74.2,55.7,56.0,53.4,66.0,60.9,"41,445",20.2,23%,2024
201-250,Stonebrook Institute of Technology,Japan,41.1,55.5,44.4,48.2,48.8,45.5,"41,882",12.2,17%,2024
=93,Technical Aldermoor University,Kazakhstan,76.4,54.2,56.1,56.8,54.2,62.2,"33,944",19.0,12%,2024
=62,Technical Clearwater University,Canada,63.8,82.1,69.5,62.9,76.1,66.9,"4,489",13.7,10%,2024
251-300,Technical Deepwell University,France,50.9,40.3,34.6,26.4,38.7,37.6,"25,194",12.8,35%,2024
251-300,Technical Dunmore University,Australia,37.4,31.5,20.6,25.7,22.2,28.0,"44,061",19.8,43%,2024
201-250,Technical Elmstead University,Kazakhstan,53.4,51.8,45.3,38.1,42.5,46.0,"47,918",10.4,8%,2024
201-250,Technical Fairhaven University,Germany,34.4,45.9,35.0,48.8,49.1,40.1,"34,005",17.3,43%,2024
201-250,Technical Glenrock University,Germany,44.2,43.0,33.8,47.6,51.8,42.2,"44,382",21.6,28%,2024
201-250,Technical Highgate University,United Kingdom,48.1,49.1,38.2,50.8,-,46.2,"4,145",9.1,30%,2024
251-300,Technical Hollowmere University,Germany,18.3,24.3,19.5,24.7,34.3,21.4,"29,454",28.3,33%,2024
251-300,Technical Ironbridge University,Australia,26.6,21.8,18.0,25.2,52.4,23.9,"31,189",18.1,32%,2024
59,Technical Kingsport University,Australia,56.9,73.7,71.3,74.0,53.7,67.5,"54,364",25.7,37%,2024
148,Technical Lakeside University,Australia,59.0,53.4,55.5,47.0,43.2,53.5,"20,730",21.7,23%,2024
251-300,  Technical Marlow University ,Germany,18.4,19.4,6.4,20.2,-,15.3,"16,533",23.0,25%,2024
=79,Technical Northfield University,Kazakhstan,61.1,78.0,62.2,67.7,55.2,64.5,"22,452",23.2,16%,2024
=134,Technical Oakridge University,France,56.9,73.6,52.1,53.6,46.8,55.5,"13,088",27.0,7%,2024
201-250,Technical Pinecrest University,United States,48.4,44.9,51.2,40.0,47.1,46.4,"35,295",20.7,31%,2024
201-250,Technical Queensbury University,Canada,45.4,42.8,39.3,29.0,28.7,38.0,"38,912",12.7,3%,2024
=138,Technical Riverton University,France,56.5,63.0,51.5,53.0,68.6,54.7,"47,977",8.4,14%,2024
=170,Technical Stonebrook University,Kazakhstan,54.8,61.6,50.6,43.5,60.9,50.8,"58,529",20.6,6%,2024
11,Technical Upton University,Kazakhstan,92.4,78.3,76.1,82.1,89.7,83.3,"7,137",7.6,10%,2024
=50,Technical Valemont University,Kazakhstan,58.5,76.8,71.6,75.8,67.6,69.2,"17,102",11.8,29%,2024
=104,Technical Westbury University,Germany,49.0,68.2,49.7,79.8,-,60.4,"20,258",7.5,29%,2024
=194,Thornbury Institute of Technology,Kazakhstan,53.7,48.0,52.5,36.0,48.6,47.5,"17,528",19.2,20%,2024
6,University of Ashford,Australia,77.7,84.0,90.1,87.3,91.6,85.1,"49,286",9.8,6%,2024
=118,University of Bellmont,Japan,48.8,44.4,57.6,68.1,63.9,57.3,"10,625",20.6,21%,2024
=29,University of Brightwater,France,75.8,57.3,83.1,71.6,59.7,75.0,"4,765",25.0,17%,2024
=198,University of Clearwater,Australia,52.4,52.2,41.3,48.3,35.7,47.4,"51,807",25.7,33%,2024
201-250,University of Deepwell,France,53.4,46.1,43.5,36.9,33.0,44.4,"57,830",13.4,27%,2024
201-250,University of Elmstead,Germany,52.4,48.5,34.9,50.7,50.5,46.3,"15,635",19.2,23%,2024
=141,University of Fairhaven,United States,57.3,53.5,49.3,56.5,66.1,54.6,"22,427",19.5,23%,2024
9,University of Foxhill,Australia,85.7,79.2,87.6,83.4,75.9,84.8,"31,592",17.3,44%,2024
172,University of Glenrock,Germany,49.7,70.1,52.2,43.8,70.7,50.7,"33,059",21.7,35%,2024
183,University of Greystone,Kazakhstan,44.7,54.8,46.7,54.1,50.5,49.0,"58,692",11.0,23%,2024
=56,University of Highgate,Canada,71.6,62.9,55.0,78.8,69.9,68.1,"25,677",29.5,23%,2024
201-250,University of Ironbridge,Australia,58.8,44.7,33.6,40.6,42.4,44.3,"3,760",8.4,3%,2024
=28,University of Kingsport,France,88.0,71.6,71.8,67.2,61.3,75.0,"27,619",25.9,43%,2024
251-300,University of Lakeside,France,28.4,3.9,13.4,1.0,20.3,13.7,"34,717",20.3,16%,2024
=184,University of Northfield,Kazakhstan,42.8,48.3,55.8,48.1,46.4,48.8,"31,922",11.9,13%,2024
=130,University of Queensbury,Australia,53.6,57.6,61.0,54.8,39.0,56.1,"32,350",23.9,45%,2024
251-300,University of Stonebrook,Australia,25.3,5.9,21.1,6.3,19.8,16.7,"56,434",8.0,33%,2024
251-300,University of Thornbury,Canada,36.0,26.7,30.1,29.5,30.3,31.4,"49,938",24.6,4%,2024
201-250,University of Upton,Australia,39.0,32.8,47.4,35.6,37.1,40.0,"17,662",20.2,5%,2024
=132,University of Valemont,Australia,65.3,50.2,51.4,53.5,50.0,56.1,"23,128",8.7,3%,2024
33,University of Yarrow,United Kingdom,75.2,73.3,76.9,70.6,70.3,74.1,"42,208",7.9,28%,2024
=131,Upton Institute of Technology,Kazakhstan,47.7,36.2,60.7,65.4,50.0,56.1,"25,804",24.0,5%,2024
=181,West Aldermoor University,United Kingdom,38.7,48.0,60.0,50.0,41.1,49.2,"27,725",13.0,42%,2024
143,West Bellmont University,Germany,57.5,61.8,44.1,58.6,60.2,54.2,"12,241",27.3,42%,2024
21,WEST BRIGHTWATER UNIVERSITY,Kazakhstan,74.2,73.5,74.9,88.8,86.8,79.0,"17,925",24.3,25%,2024
201-250,West Clearwater University,Kazakhstan,46.7,23.4,56.4,38.3,40.4,45.2,"44,104",22.8,29%,2024
=155,West Deepwell University,Canada,52.1,39.6,59.2,50.9,41.7,52.7,"51,869",12.7,15%,2024
=72,West Eastvale University,Japan,63.6,76.5,66.4,63.6,66.5,65.5,"47,054",23.0,5%,2024
115,West Elmstead University,Japan,66.0,34.0,59.0,54.3,60.6,57.8,"20,538",28.8,34%,2024
=69,West Fairhaven University,Canada,67.1,62.1,62.5,69.1,-,65.8,"10,847",8.2,6%,2024
201-250,West Foxhill University,Japan,40.9,42.9,49.9,42.7,-,44.7,"11,978",13.8,6%,2024
16,West Glenrock University,Canada,80.4,82.6,76.2,85.0,78.0,80.6,"25,020",11.6,15%,2024
201-250,WEST GREYSTONE UNIVERSITY,Kazakhstan,37.7,35.0,40.4,46.1,49.5,41.1,"33,168",15.4,3%,2024
178,West Highgate University,Australia,44.3,63.9,63.4,36.5,73.1,49.9,"54,368",23.8,21%,2024
167,West Ironbridge University,United Kingdom,45.1,57.1,47.4,60.1,44.7,51.2,"53,024",17.4,32%,2024
251-300,  West Juniper University ,Germany,26.2,52.0,35.8,12.2,33.8,27.0,"3,213",19.7,36%,2024
251-300,West Kingsport University,Australia,33.4,29.5,54.3,27.0,30.4,37.4,"42,897",13.5,28%,2024
=44,West Lakeside University,Canada,68.3,72.3,60.3,81.9,69.7,70.3,"19,596",9.4,38%,2024
153,West Marlow University,Kazakhstan,49.2,40.6,56.1,57.1,45.4,52.9,"14,458",12.4,19%,2024
251-300,West Northfield University,Germany,38.2,46.2,21.7,16.1,25.1,26.9,"33,896",26.6,38%,2024
159,West Oakridge University,Kazakhstan,52.9,47.9,58.5,44.9,54.8,51.9,"5,056",20.5,24%,2024
3,West Pinecrest University,United States,80.6,74.9,85.0,96.3,75.8,86.1,"22,675",15.1,12%,2024
251-300,West Queensbury University,Kazakhstan,21.2,20.1,26.0,5.5,21.2,17.9,"33,689",25.0,43%,2024
251-300,  West Riverton University ,Canada,27.5,14.7,30.4,28.0,22.7,27.5,"18,630",7.5,14%,2024
=185,West Thornbury University,Japan,31.3,52.2,59.3,55.7,38.2,48.8,"36,884",12.1,3%,2024
18,West Upton University,France,75.2,86.4,89.7,72.7,83.3,79.8,"28,727",11.5,12%,2024
=196,West Valemont University,Canada,43.2,65.1,41.3,52.2,61.4,47.4,"48,145",29.6,18%,2024
=71,West Westbury University,Japan,66.8,52.5,76.3,56.3,69.6,65.5,"12,967",22.9,17%,2024
=197,West Yarrow University,Japan,41.7,38.8,47.3,54.3,62.3,47.4,"6,275",20.8,25%,2024
201-250,Westbury Institute of Technology,Kazakhstan,40.3,43.6,41.9,38.6,41.6,40.5,"33,750",6.1,40%,2024
87,Yarrow Institute of Technology,Kazakhstan,74.9,51.8,59.6,57.8,67.3,63.3,"17,709",10.4,15%,2024
=173,Aldermoor Institute of Technology,Canada,56.6,57.3,44.6,49.1,54.4,50.8,"37,170",19.8,29%,2025
=190,Ashford Institute of Technology,Japan,54.5,43.3,51.6,42.0,39.3,48.7,"8,149",8.2,18%,2025
201-250,Caldera Institute of Technology,Australia,31.9,38.0,44.2,39.8,46.9,38.8,"26,215",26.3,42%,2025
=75,Central Aldermoor University,Canada,68.9,63.4,65.2,61.9,56.8,65.0,"50,989",10.2,35%,2025
201-250,Central Ashford University,Germany,43.9,42.5,50.5,44.6,54.6,46.2,"46,186",24.4,21%,2025
=200,Central Caldera University,Australia,54.7,52.1,50.6,33.6,46.0,46.7,"39,231",14.7,34%,2025
201-250,Central Clearwater University,Japan,47.8,34.0,40.9,44.0,30.1,43.1,"52,911",24.8,44%,2025
201-250,Central Deepwell University,United States,29.2,47.8,61.2,39.3,37.0,43.4,"47,065",11.0,22%,2025
144,Central Dunmore University,Japan,41.5,66.2,58.8,58.8,52.7,54.0,"40,738",10.5,30%,2025
=132,Central Elmstead University,France,62.4,48.7,56.3,50.5,49.7,55.7,"50,731",17.9,42%,2025
=97,Central Fairhaven University,Australia,68.4,66.4,57.0,57.8,55.1,61.3,"10,068",6.8,13%,2025
201-250,Central Glenrock University,Australia,42.8,60.9,50.6,28.9,46.3,42.4,"49,789",11.4,40%,2025
26,Central Greystone University,United Kingdom,65.3,79.3,78.5,87.4,64.1,76.9,"20,381",23.4,6%,2025
198,Central Highgate University,Australia,53.5,49.8,45.7,40.9,-,47.0,"43,778",26.1,30%,2025
251-300,Central Hollowmere University,United Kingdom,34.9,21.6,43.4,27.3,15.6,33.7,"54,465",7.9,36%,2025
=81,  Central Ironbridge University ,Canada,79.8,61.7,58.0,56.6,59.9,64.4,"30,898",27.2,28%,2025
193,  Central Juniper University ,Canada,52.3,52.3,37.3,54.6,39.3,48.1,"8,020",25.1,23%,2025
=51,Central Lakeside University,Germany,66.9,66.0,74.9,68.7,61.4,69.6,"24,429",26.9,29%,2025
76,Central Marlow University,United States,58.9,67.3,67.5,65.9,-,64.9,"25,439",22.8,9%,2025
201-250,Central Northfield University,Kazakhstan,46.9,39.5,41.0,43.5,52.6,43.7,"56,048",22.2,11%,2025
99,Central Oakridge University,Germany,59.0,56.6,61.5,64.4,59.5,61.2,"56,672",18.6,14%,2025
9,Central Queensbury University,United Kingdom,78.7,86.8,78.6,96.5,74.8,84.5,"35,120",21.7,28%,2025
28,Central Riverton University,United Kingdom,87.3,88.6,72.2,63.2,71.0,75.2,"56,342",28.1,21%,2025
46,Central Stonebrook University,Germany,76.4,46.2,79.3,62.5,62.2,70.5,"27,232",8.4,13%,2025
168,Central Thornbury University,United Kingdom,63.0,62.3,52.4,36.4,46.1,51.4,"26,707",13.6,40%,2025
42,CENTRAL UPTON UNIVERSITY,Japan,64.7,73.2,68.6,79.4,-,71.3,"50,056",7.7,18%,2025
201-250,Clearwater Institute of Technology,Germany,49.6,46.9,39.4,28.4,32.2,39.5,"41,958",28.7,21%,2025
=56,Deepwell Institute of Technology,United States,66.5,65.4,66.4,75.3,60.2,68.9,"32,317",16.7,20%,2025
=104,Dunmore Institute of Technology,United States,62.8,59.5,56.3,63.4,52.7,60.6,"29,610",22.2,10%,2025
=180,East Aldermoor University,Japan,57.3,47.5,34.4,58.0,51.9,49.8,"42,428",26.2,33%,2025
201-250,East Ashford University,United States,47.4,52.2,45.2,27.4,31.0,40.7,"45,513",29.8,21%,2025
251-300,East Bellmont University,Canada,42.7,28.0,14.3,32.5,29.0,29.7,"30,644",9.9,3%,2025
251-300,East Brightwater University,United States,28.9,33.2,28.1,38.8,26.4,31.9,"4,725",25.2,43%,2025
201-250,East Caldera University,United Kingdom,43.2,35.6,38.9,52.9,37.6,44.1,"9,044",27.3,37%,2025
188,East Clearwater University,United Kingdom,36.7,52.8,59.2,49.1,56.0,48.8,"11,456",7.2,33%,2025
=159,East Deepwell University,Germany,53.4,45.6,46.2,57.6,53.3,51.9,"29,355",24.1,39%,2025
=6,East Dunmore University,Canada,81.3,85.8,96.9,80.0,84.0,86.0,"38,235",14.5,41%,2025
96,East Eastvale University,Germany,53.3,75.8,68.0,60.9,56.6,61.7,"47,808",21.6,17%,2025
201-250,East Elmstead University,United States,51.1,37.3,40.1,30.2,43.1,40.3,"16,288",18.3,28%,2025
=100,East Fairhaven University,Australia,73.5,61.2,48.7,60.5,59.4,60.9,"48,575",12.2,28%,2025
201-250,East Foxhill University,France,57.8,35.9,44.8,28.0,44.3,43.0,"39,775",9.2,13%,2025
128,East Glenrock University,Canada,53.5,50.6,58.4,58.1,50.6,56.1,"6,038",8.8,12%,2025
=69,East Greystone University,France,74.5,48.2,54.7,70.7,78.3,65.5,"23,529",8.5,7%,2025
77,East Highgate University,Australia,68.9,59.3,64.6,63.1,51.5,64.7,"20,210",21.3,30%,2025
251-300,East Hollowmere University,United Kingdom,40.2,39.1,25.4,13.8,37.8,27.7,"52,158",14.4,36%,2025
=84,East Ironbridge University,Australia,58.9,74.8,63.4,68.8,52.2,64.2,"56,899",11.2,35%,2025
=139,East Juniper University,United States,51.7,67.7,54.6,55.1,47.4,54.7,"48,248",22.6,16%,2025
178,East Kingsport University,United Kingdom,52.8,49.7,49.9,46.1,63.9,50.0,"32,922",22.5,11%,2025
18,East Marlow University,Japan,75.1,92.8,85.2,77.4,-,80.6,"30,484",18.9,22%,2025
68,East Northfield University,France,62.9,66.3,80.1,56.2,63.6,66.3,"21,127",28.4,26%,2025
63,East Pinecrest University,Australia,74.3,75.6,54.5,68.9,70.7,66.8,"48,013",15.2,42%,2025
=59,East Riverton University,United Kingdom,81.3,63.7,61.5,61.5,60.3,67.6,"8,099",26.1,40%,2025
=50,East Stonebrook University,Canada,71.6,67.1,63.5,75.1,62.0,69.6,"18,390",7.8,41%,2025
=167,East Upton University,Germany,57.5,55.2,42.4,53.8,48.9,51.5,"10,824",23.8,39%,2025
133,East Valemont University,Australia,53.3,48.5,52.9,62.1,49.5,55.3,"31,308",29.7,43%,2025
=189,East Westbury University,Japan,47.1,35.0,60.2,42.5,46.6,48.7,"19,622",26.3,22%,2025
34,East Yarrow University,Japan,69.1,59.3,71.8,82.5,64.2,73.1,"13,829",19.9,4%,2025
201-250,Eastvale Institute of Technology,Australia,38.2,51.9,50.6,47.7,35.9,45.7,"24,407",21.0,6%,2025
=142,Elmstead Institute of Technology,Canada,59.3,55.2,44.5,60.3,43.8,54.5,"50,872",14.5,19%,2025
=54,Fairhaven Institute of Technology,Kazakhstan,68.1,67.5,69.0,70.4,74.8,69.2,"34,930",22.3,13%,2025
=74,Glenrock Institute of Technology,United States,58.1,64.2,81.6,54.9,70.1,65.0,"50,592",24.5,9%,2025
=136,Greystone Institute of Technology,Germany,58.4,60.8,56.2,48.7,58.4,55.0,"54,222",30.0,43%,2025
114,Highgate Institute of Technology,Canada,60.0,61.1,61.6,53.4,65.0,58.7,"55,504",17.8,10%,2025
201-250,Hollowmere Institute of Technology,Kazakhstan,39.8,51.5,43.9,51.3,57.6,45.8,"22,724",7.5,43%,2025
=21,Ironbridge Institute of Technology,Germany,71.3,80.3,91.5,78.2,74.2,80.2,"52,282",20.3,35%,2025
=182,Kingsport Institute of Technology,Japan,49.6,51.4,54.2,44.1,-,49.2,"54,324",8.9,30%,2025
151,Lakeside Institute of Technology,Canada,56.5,48.7,41.5,63.2,44.0,53.1,"58,015",11.9,31%,2025
251-300,Marlow Institute of Technology,Japan,31.2,31.4,25.0,7.0,21.1,21.9,"23,169",13.9,16%,2025
251-300,National Aldermoor University,Australia,32.7,40.6,18.5,33.3,49.7,29.7,"16,125",23.5,30%,2025
44,National Ashford University,France,64.6,82.2,82.7,62.4,69.1,70.8,"36,079",10.4,10%,2025
123,National Brightwater University,Germany,55.7,70.5,56.8,55.7,-,57.3,"55,983",10.0,42%,2025
251-300,National Clearwater University,France,35.1,38.8,20.7,23.4,36.9,27.6,"55,945",7.1,15%,2025
251-300,National Deepwell University,Japan,32.6,34.1,24.9,13.1,30.7,24.5,"35,937",27.0,13%,2025
251-300,National Dunmore University,Canada,23.5,8.1,8.3,13.8,8.1,14.5,"11,493",22.6,33%,2025
143,National Eastvale University,Kazakhstan,52.1,53.5,51.1,60.3,-,54.4,"26,700",7.0,30%,2025
1,National Fairhaven University,Japan,99.7,89.3,98.2,100.0,98.9,98.5,"44,734",6.7,21%,2025
109,National Glenrock University,Canada,51.3,56.7,64.5,64.1,55.5,59.6,"35,521",19.4,29%,2025
113,National Highgate University,Japan,49.0,66.3,58.2,67.2,61.0,58.8,"22,522",12.8,9%,2025
=66,National Hollowmere University,Kazakhstan,66.2,67.8,69.0,63.8,64.8,66.4,"22,975",20.3,31%,2025
251-300,National Juniper University,Japan,35.1,43.6,34.7,32.4,26.7,34.6,"6,465",16.4,14%,2025
164,National Kingsport University,France,44.6,51.3,72.2,37.2,64.8,51.7,"19,935",28.2,14%,2025
=85,National Lakeside University,Canada,65.4,52.9,57.3,72.6,66.9,64.2,"40,904",12.9,9%,2025
=131,National Marlow University,Germany,49.2,49.2,67.9,52.0,52.9,55.7,"16,286",22.3,16%,2025
45,National Northfield University,France,67.1,67.6,82.2,62.9,79.0,70.7,"60,219",7.3,16%,2025
=98,National Oakridge University,France,65.7,61.4,54.1,63.8,62.7,61.3,"7,520",28.9,22%,2025
61,National Riverton University,Germany,62.9,72.2,80.0,57.9,66.2,67.3,"37,093",29.5,10%,2025
=176,National Stonebrook University,Australia,51.2,42.6,56.7,46.8,40.4,50.6,"31,858",23.7,10%,2025
3,National Thornbury University,United Kingdom,79.6,78.1,94.7,90.1,87.4,87.4,"50,236",17.2,25%,2025
=40,National Upton University,Japan,70.1,69.4,78.1,67.1,82.3,71.9,"54,658",11.3,8%,2025
201-250,National Valemont University,United Kingdom,37.3,45.3,41.7,50.6,43.8,43.4,"34,480",25.5,32%,2025
187,National Westbury University,Australia,57.7,46.0,51.5,38.9,40.5,48.9,"39,188",23.7,43%,2025
23,National Yarrow University,France,71.8,70.6,89.2,76.9,83.7,78.8,"42,873",11.3,20%,2025
126,North Ashford University,Australia,36.5,49.7,67.1,67.9,54.8,56.5,"31,969",16.8,41%,2025
=110,North Brightwater University,France,50.5,62.7,63.1,64.4,57.2,59.5,"13,333",17.1,6%,2025
=172,North Caldera University,France,53.6,50.1,47.8,52.6,33.7,50.8,"27,120",25.8,4%,2025
86,North Clearwater University,Kazakhstan,64.8,82.2,68.6,52.9,73.6,63.9,"16,957",22.4,33%,2025
65,North Deepwell University,United States,63.2,58.0,76.3,64.1,41.9,66.5,"29,825",21.4,35%,2025
71,North Dunmore University,Canada,70.9,61.5,66.0,60.3,59.9,65.3,"38,257",21.6,38%,2025
=20,North Eastvale University,Japan,61.9,65.1,93.8,88.6,80.9,80.2,"15,213",12.5,4%,2025
201-250,North Elmstead University,Kazakhstan,47.7,37.8,38.3,43.9,59.3,43.3,"16,726",14.9,35%,2025
251-300,NORTH FAIRHAVEN UNIVERSITY,Kazakhstan,50.5,31.5,23.3,29.4,30.4,34.1,"50,430",7.1,18%,2025
201-250,North Foxhill University,Japan,40.0,41.1,44.9,49.2,53.6,44.7,"24,354",24.9,15%,2025
=149,North Glenrock University,Japan,55.3,72.2,50.2,49.4,57.5,53.3,"14,176",16.4,9%,2025
251-300,North Greystone University,Germany,26.6,30.2,30.4,23.3,31.4,27.1,"43,619",16.5,45%,2025
=73,North Highgate University,Germany,54.6,72.5,65.2,72.7,74.4,65.0,"45,132",11.9,5%,2025
112,North Hollowmere University,Germany,55.4,55.9,67.2,56.0,52.0,59.1,"51,329",11.0,38%,2025
30,North Ironbridge University,Japan,89.0,76.5,57.3,76.2,87.7,74.7,"46,369",20.1,29%,2025
251-300,North Kingsport University,Kazakhstan,37.5,20.2,19.0,20.1,14.3,24.8,"58,932",11.6,34%,2025
=175,North Lakeside University,Japan,44.7,46.1,59.7,48.9,47.7,50.6,"34,828",7.5,33%,2025
201-250,North Marlow University,United Kingdom,49.9,48.4,34.9,39.0,43.7,41.9,"19,814",24.4,39%,2025
201-250,NORTH NORTHFIELD UNIVERSITY,United Kingdom,45.9,22.7,42.4,52.9,-,45.3,"52,475",15.0,10%,2025
201-250,North Oakridge University,Canada,60.6,34.0,31.3,47.2,66.1,45.9,"18,607",15.1,2%,2025
=166,North Queensbury University,Japan,52.5,48.0,64.6,39.0,43.9,51.5,"20,077",16.4,28%,2025
=116,North Riverton University,Canada,53.4,55.9,58.7,64.7,42.2,58.3,"51,528",25.6,17%,2025
=195,North Stonebrook University,Australia,55.0,52.4,46.1,42.5,39.2,48.0,"52,067",13.7,7%,2025
49,North Thornbury University,France,81.7,60.8,74.7,55.6,62.8,69.7,"21,985",24.2,10%,2025
201-250,North Upton University,Australia,45.8,35.2,42.7,39.4,37.4,41.9,"43,610",28.5,16%,2025
=41,North Valemont University,Japan,67.1,77.6,73.7,73.3,71.9,71.9,"56,788",21.9,5%,2025
37,North Westbury University,United Kingdom,74.1,73.4,65.6,78.4,59.9,72.4,"49,158",16.4,4%,2025
94,North Yarrow University,Germany,60.4,65.0,66.0,59.6,69.3,62.4,"3,235",23.9,41%,2025
64,Northfield Institute of Technology,Japan,64.9,74.0,70.8,63.0,60.3,66.7,"41,468",17.0,15%,2025
102,Pacific Aldermoor University,Germany,67.8,62.1,62.9,50.7,65.7,60.7,"12,846",15.9,44%,2025
=5,Pacific Ashford University,France,88.5,79.4,84.0,86.0,100.0,86.0,"51,030",18.6,43%,2025
=145,Pacific Bellmont University,Australia,53.1,53.8,55.9,52.8,49.8,53.8,"6,974",13.6,8%,2025
251-300,Pacific Brightwater University,Kazakhstan,40.4,41.2,29.6,33.7,45.6,35.3,"58,375",8.5,33%,2025
=138,Pacific Clearwater University,Australia,48.5,43.3,63.3,56.4,41.1,54.7,"13,233",16.0,28%,2025
=194,Pacific Deepwell University,Kazakhstan,45.7,51.3,39.7,59.5,-,48.0,"26,381",9.0,32%,2025
201-250,Pacific Dunmore University,Canada,25.3,21.3,60.5,38.0,38.6,39.7,"16,638",15.9,6%,2025
156,Pacific Eastvale University,Kazakhstan,53.3,36.0,55.7,53.6,42.3,52.5,"49,194",19.4,10%,2025
108,Pacific Fairhaven University,United Kingdom,52.7,50.4,71.5,58.5,48.6,59.8,"26,168",28.3,5%,2025
201-250,Pacific Foxhill University,Canada,47.5,54.9,44.2,43.6,71.6,46.5,"45,800",6.9,28%,2025
=185,Pacific Glenrock University,Canada,52.4,55.5,45.8,46.7,58.4,49.1,"6,825",20.9,44%,2025
201-250,Pacific Greystone University,United Kingdom,46.2,30.0,51.8,35.5,50.0,43.5,"29,455",17.0,31%,2025
12,Pacific Highgate University,France,71.6,72.6,95.5,81.6,76.6,82.0,"56,044",6.5,33%,2025
25,Pacific Hollowmere University,Australia,81.1,67.7,77.1,76.1,71.0,77.1,"54,653",12.0,44%,2025
155,Pacific Ironbridge University,Germany,46.4,75.4,53.2,51.9,65.2,52.7,"14,678",8.8,31%,2025
201-250,Pacific Juniper University,Canada,39.9,58.9,33.2,50.1,45.3,42.5,"26,043",11.2,4%,2025
=174,Pacific Marlow University,Canada,53.8,56.5,44.3,51.4,62.9,50.6,"26,687",12.6,39%,2025
60,Pacific Northfield University,United States,62.2,60.9,50.3,92.4,58.5,67.5,"34,549",15.6,18%,2025
251-300,  Pacific Pinecrest University ,Canada,30.5,20.5,26.2,17.4,25.3,24.4,"32,737",18.7,2%,2025
=162,Pacific Stonebrook University,France,45.9,38.5,62.1,51.6,40.6,51.8,"8,986",6.0,24%,2025
120,  Pacific Thornbury University ,Australia,64.8,57.2,61.7,48.1,42.0,57.7,"47,049",9.9,42%,2025
=171,Pacific Upton University,Australia,48.2,37.5,38.4,69.9,45.5,50.9,"16,209",8.2,13%,2025
152,Pacific Westbury University,Canada,38.7,53.9,55.2,64.5,59.7,53.0,"20,651",19.2,23%,2025
251-300,Pacific Yarrow University,United States,10.2,14.0,12.9,19.1,14.1,14.1,"51,584",13.9,9%,2025
17,Pinecrest Institute of Technology,Australia,77.2,69.9,95.9,72.3,77.2,80.8,"41,681",19.2,4%,2025
=79,Queensbury Institute of Technology,United States,65.9,73.9,56.3,68.3,72.2,64.5,"25,681",11.3,5%,2025
201-250,Riverton Institute of Technology,Japan,49.0,56.5,46.1,41.9,34.0,46.2,"55,430",6.6,33%,2025
57,Royal Ashford University,United States,57.6,63.0,73.9,74.9,51.2,67.9,"25,169",28.6,39%,2025
251-300,Royal Bellmont University,United States,22.7,5.3,20.0,23.6,18.8,20.7,"34,508",8.6,8%,2025
201-250,Royal Brightwater University,Germany,50.9,45.6,46.5,43.3,42.5,46.7,"16,974",9.0,14%,2025
251-300,Royal Clearwater University,France,33.1,39.6,39.8,17.2,34.2,30.8,"13,398",9.5,10%,2025
251-300,Royal Deepwell University,Germany,26.5,43.1,36.5,28.8,38.7,31.8,"30,688",29.6,3%,2025
38,Royal Eastvale University,Kazakhstan,61.5,67.8,75.5,80.4,77.1,72.2,"35,654",20.8,26%,2025
14,Royal Elmstead University,France,86.3,71.2,71.9,89.0,-,81.7,"49,388",20.6,32%,2025
251-300,Royal Fairhaven University,Japan,39.1,26.7,32.3,33.5,30.2,34.3,"24,949",29.7,30%,2025
251-300,Royal Foxhill University,United Kingdom,42.5,46.4,36.7,34.2,41.2,38.6,"53,104",8.1,19%,2025
95,Royal Glenrock University,Canada,44.1,68.1,71.0,70.6,57.4,62.3,"36,646",29.4,26%,2025
22,Royal Greystone University,United Kingdom,68.6,82.3,82.4,86.8,81.2,79.6,"7,000",10.9,6%,2025
251-300,Royal Highgate University,Germany,21.9,42.3,13.7,8.2,28.6,17.0,"45,045",21.0,9%,2025
91,  Royal Hollowmere University ,Canada,58.0,68.4,63.2,65.7,65.8,62.9,"35,343",16.1,42%,2025
47,Royal Ironbridge University,Germany,71.1,72.9,66.2,72.0,77.8,70.2,"25,166",15.2,35%,2025
251-300,Royal Juniper University,Japan,30.9,39.2,26.1,29.7,40.8,30.0,"29,966",28.3,42%,2025
251-300,Royal Kingsport University,France,30.0,49.2,26.0,13.0,31.8,25.2,"19,684",9.6,41%,2025
201-250,Royal Lakeside University,France,51.2,58.3,27.4,39.5,50.3,41.1,"38,729",29.9,30%,2025
201-250,Royal Marlow University,United States,36.4,33.6,44.1,43.6,48.6,41.0,"34,767",15.1,42%,2025
107,Royal Northfield University,Australia,59.6,56.7,58.4,63.5,60.1,60.2,"28,281",21.6,20%,2025
=129,Royal Oakridge University,Japan,61.3,68.1,58.8,45.6,43.7,55.9,"19,551",29.2,2%,2025
251-300,Royal Queensbury University,United Kingdom,18.8,25.3,27.6,31.4,46.9,26.4,"25,285",7.4,5%,2025
124,Royal Riverton University,Germany,65.1,46.6,51.6,56.3,60.7,56.9,"30,864",28.1,7%,2025
=160,  Royal Stonebrook University ,United Kingdom,49.3,47.6,50.3,58.2,37.4,51.9,"29,141",19.6,6%,2025
24,Royal Thornbury University,Canada,76.1,76.9,87.4,73.4,70.4,78.6,"20,621",22.9,17%,2025
201-250,Royal Upton University,France,56.3,41.5,42.1,37.6,44.8,45.0,"35,575",9.6,32%,2025
251-300,Royal Valemont University,Kazakhstan,36.5,34.1,35.7,37.6,39.6,36.5,"15,719",18.8,36%,2025
=154,Royal Westbury University,Canada,72.1,49.1,54.3,33.1,52.7,52.8,"31,928",22.2,27%,2025
=87,Royal Yarrow University,Australia,65.1,62.2,52.6,73.5,73.6,63.8,"9,773",16.9,8%,2025
=141,South Aldermoor University,France,48.0,54.5,57.5,58.2,51.6,54.5,"29,936",9.7,34%,2025
251-300,South Ashford University,United Kingdom,19.7,37.9,28.0,17.0,-,22.5,"47,381",11.9,17%,2025
=111,South Brightwater University,Kazakhstan,52.0,65.1,58.1,66.8,63.3,59.5,"49,442",26.5,3%,2025
251-300,South Caldera University,United States,30.2,45.0,31.0,14.1,37.9,26.9,"43,031",6.8,14%,2025
=70,South Clearwater University,Australia,67.4,60.3,72.3,58.0,67.9,65.5,"46,204",23.0,16%,2025
251-300,South Deepwell University,France,33.4,24.8,26.4,24.9,32.7,28.1,"6,795",30.0,14%,2025
201-250,South Eastvale University,Canada,51.6,49.4,37.0,48.9,59.3,46.4,"22,637",6.2,37%,2025
197,South Elmstead University,Kazakhstan,55.8,29.3,38.1,51.3,-,47.1,"39,583",9.9,35%,2025
201-250,South Fairhaven University,Kazakhstan,50.6,29.3,49.7,42.8,38.1,46.1,"47,217",22.2,32%,2025
90,South Foxhill University,United Kingdom,74.0,47.1,55.1,65.3,61.2,63.4,"37,255",7.4,8%,2025
106,South Glenrock University,Japan,59.8,39.1,65.0,61.9,55.3,60.3,"52,870",20.2,37%,2025
=150,South Greystone University,Kazakhstan,58.7,42.7,49.7,54.0,54.3,53.3,"18,935",22.4,31%,2025
=153,South Highgate University,Canada,52.4,77.9,40.4,58.0,70.0,52.8,"12,079",20.1,10%,2025
251-300,South Hollowmere University,Japan,39.1,41.8,24.9,16.2,46.1,28.4,"7,759",14.8,30%,2025
=183,South Ironbridge University,Kazakhstan,50.6,65.8,32.9,59.4,52.4,49.1,"36,368",22.7,23%,2025
43,South Kingsport University,Kazakhstan,64.2,67.7,70.8,80.8,56.2,71.2,"40,998",20.3,21%,2025
201-250,South Marlow University,United Kingdom,37.0,51.4,41.6,46.7,44.2,42.5,"19,139",11.0,7%,2025
=115,South Northfield University,Canada,62.0,56.2,59.0,54.0,64.5,58.3,"47,698",19.5,24%,2025
=82,South Oakridge University,Australia,68.7,55.5,65.8,62.0,52.6,64.4,"45,758",27.2,6%,2025
52,South Queensbury University,United Kingdom,59.6,61.2,77.0,73.2,76.3,69.4,"24,210",22.0,9%,2025
36,South Riverton University,United States,72.6,70.7,66.0,80.7,69.9,72.8,"16,597",17.3,8%,2025
251-300,South Stonebrook University,France,40.1,44.9,21.7,33.7,40.8,33.0,"45,647",13.7,43%,2025
251-300,South Upton University,United Kingdom,28.5,29.8,39.2,30.7,34.7,32.6,"41,201",8.1,14%,2025
35,South Valemont University,United States,75.3,68.6,71.5,72.7,74.1,72.9,"12,963",11.9,17%,2025
2,South Westbury University,United Kingdom,97.1,87.0,96.5,100.0,100.0,97.1,"17,155",6.3,16%,2025
201-250,State Aldermoor University,Kazakhstan,52.4,34.5,52.1,29.1,43.9,43.7,"31,494",29.7,41%,2025
251-300,State Ashford University,United States,40.8,24.0,14.3,31.8,29.3,28.6,"32,290",11.3,26%,2025
=134,State Brightwater University,Japan,51.8,51.4,64.3,50.8,46.1,55.0,"12,501",25.6,42%,2025
201-250,State Caldera University,France,46.9,41.1,31.3,42.5,44.2,40.4,"55,500",10.0,15%,2025
201-250,State Deepwell University,Canada,42.7,49.2,51.1,43.7,50.6,46.2,"25,883",12.8,7%,2025
251-300,State Dunmore University,Australia,39.8,43.4,26.6,38.5,44.3,35.8,"24,862",16.0,26%,2025
27,State Eastvale University,Japan,76.7,76.4,64.5,85.2,70.4,75.4,"6,345",13.8,17%,2025
62,State Elmstead University,Kazakhstan,66.2,72.9,74.6,58.4,69.9,67.0,"54,171",25.2,36%,2025
251-300,State Fairhaven University,United Kingdom,34.6,41.5,32.2,30.0,32.2,33.0,"16,856",29.0,40%,2025
=32,State Glenrock University,France,75.9,59.9,77.3,71.6,62.8,73.5,"58,142",27.0,22%,2025
10,State Greystone University,Kazakhstan,86.5,93.7,75.5,84.8,95.5,83.5,"30,417",9.7,44%,2025
=103,State Hollowmere University,France,69.4,52.7,61.5,52.3,66.7,60.6,"51,535",24.6,26%,2025
122,State Juniper University,Canada,58.0,63.7,65.8,47.6,49.8,57.4,"13,269",9.6,14%,2025
=88,State Kingsport University,United States,58.2,64.9,72.7,60.7,56.0,63.8,"12,130",27.9,23%,2025
117,State Marlow University,Australia,66.7,59.8,47.3,60.0,55.4,58.1,"47,770",18.4,4%,2025
251-300,State Northfield University,Australia,5.2,15.1,20.5,20.3,35.6,15.8,"48,377",14.1,37%,2025
93,State Oakridge University,Kazakhstan,65.3,57.4,67.0,57.2,59.6,62.6,"33,549",9.8,6%,2025
192,State Pinecrest University,Kazakhstan,24.4,39.8,59.1,63.1,51.9,48.3,"4,797",6.3,15%,2025
=53,State Queensbury University,Canada,64.2,86.7,66.2,72.3,77.2,69.2,"56,691",12.0,26%,2025
=163,State Riverton University,France,52.7,64.0,47.8,51.3,55.5,51.8,"24,946",27.9,4%,2025
11,State Stonebrook University,Kazakhstan,86.5,76.4,82.4,83.1,76.1,83.2,"55,918",25.1,5%,2025
251-300,State Thornbury University,Canada,27.8,36.3,31.3,34.2,29.0,31.4,"52,392",29.3,32%,2025
125,State Upton University,Germany,55.2,56.1,50.2,64.4,61.7,56.7,"52,409",8.4,5%,2025
=101,State Yarrow University,Canada,73.3,53.0,56.4,54.2,68.2,60.9,"42,454",20.2,23%,2025
201-250,Stonebrook Institute of Technology,Japan,41.8,54.0,44.3,50.4,48.9,46.2,"41,113",12.2,17%,2025
92,Technical Aldermoor University,Kazakhstan,75.4,52.6,56.0,60.6,52.1,62.8,"33,234",19.0,12%,2025
=78,Technical Clearwater University,Canada,62.5,79.3,65.3,61.4,72.6,64.5,"4,435",13.7,10%,2025
251-300,Technical Deepwell University,France,49.4,41.9,33.9,22.9,38.9,36.0,"25,859",12.8,35%,2025
251-300,Technical Dunmore University,Australia,38.3,29.3,20.5,22.8,21.9,27.2,"44,617",19.8,43%,2025
201-250,Technical Elmstead University,Kazakhstan,51.3,49.5,44.0,38.8,42.3,45.0,"49,889",10.4,8%,2025
201-250,Technical Fairhaven University,Germany,34.4,47.1,33.3,52.1,48.2,40.7,"34,727",17.3,43%,2025
201-250,Technical Glenrock University,Germany,41.3,41.3,29.7,48.6,52.4,40.3,"44,411",21.6,28%,2025
201-250,Technical Highgate University,United Kingdom,49.2,49.7,39.1,50.3,56.1,46.7,"4,273",9.1,30%,2025
251-300,Technical Hollowmere University,Germany,16.7,26.6,20.3,25.3,36.4,21.6,"29,000",28.3,33%,2025
251-300,Technical Ironbridge University,Australia,28.5,22.9,19.6,27.0,51.9,25.5,"32,840",18.1,32%,2025
48,Technical Kingsport University,Australia,58.9,73.1,75.3,75.6,-,69.8,"52,474",25.7,37%,2025
137,Technical Lakeside University,Australia,59.8,54.0,57.6,48.5,43.4,54.9,"20,299",21.7,23%,2025
251-300,TECHNICAL MARLOW UNIVERSITY,Germany,17.2,21.0,6.0,17.9,16.3,14.3,"15,765",23.0,25%,2025
=80,Technical Northfield University,Kazakhstan,58.1,78.5,64.3,68.2,55.4,64.5,"22,565",23.2,16%,2025
=135,Technical Oakridge University,France,56.2,71.6,50.9,54.6,45.7,55.0,"12,595",27.0,7%,2025
199,Technical Pinecrest University,United States,48.4,44.6,50.1,42.6,45.1,46.8,"33,833",20.7,31%,2025
201-250,Technical Queensbury University,Canada,44.6,42.7,42.4,30.1,27.7,39.0,"40,579",12.7,3%,2025
158,Technical Riverton University,France,56.2,60.9,48.2,47.9,69.4,52.0,"47,648",8.4,14%,2025
177,Technical Stonebrook University,Kazakhstan,52.9,60.3,50.5,43.5,58.8,50.1,"57,489",20.6,6%,2025
13,Technical Upton University,Kazakhstan,90.6,78.6,75.2,80.2,86.9,81.9,"7,232",7.6,10%,2025
=55,Technical Valemont University,Kazakhstan,57.0,76.6,71.7,76.3,67.4,68.9,"17,264",11.8,29%,2025
105,Technical Westbury University,Germany,47.6,64.7,51.7,79.7,71.7,60.4,"20,123",7.5,29%,2025
191,Thornbury Institute of Technology,Kazakhstan,53.9,47.3,54.8,36.7,49.5,48.4,"17,541",19.2,20%,2025
7,University of Ashford,Australia,77.4,83.9,92.4,87.8,94.6,85.9,"50,806",9.8,6%,2025
119,University of Bellmont,Japan,50.1,43.5,58.5,67.8,63.7,57.8,"10,736",20.6,21%,2025
=33,University of Brightwater,France,72.9,59.7,80.6,71.6,59.5,73.5,"4,810",25.0,17%,2025
196,University of Clearwater,Australia,53.0,57.5,41.0,47.0,38.3,47.6,"50,911",25.7,33%,2025
201-250,University of Deepwell,France,55.6,43.4,48.3,37.5,31.4,46.5,"59,300",13.4,27%,2025
201-250,University of Elmstead,Germany,52.1,49.3,37.3,49.2,46.7,46.5,"15,854",19.2,23%,2025
=148,UNIVERSITY OF FAIRHAVEN,United States,56.8,54.9,47.3,54.3,67.7,53.3,"22,606",19.5,23%,2025
4,University of Foxhill,Australia,85.7,79.8,89.8,87.6,77.0,86.8,"32,369",17.3,44%,2025
=161,  University of Glenrock ,Germany,51.5,71.2,52.9,44.6,72.2,51.8,"33,374",21.7,35%,2025
=184,  University of Greystone ,Kazakhstan,44.1,55.2,46.6,55.0,50.2,49.1,"57,991",11.0,23%,2025
=58,University of Highgate,Canada,69.7,63.2,57.5,76.5,71.7,67.6,"25,586",29.5,23%,2025
201-250,University of Ironbridge,Australia,60.2,44.6,36.3,40.5,42.6,45.5,"3,595",8.4,3%,2025
31,University of Kingsport,France,84.9,71.7,73.2,67.3,62.7,74.6,"27,289",25.9,43%,2025
251-300,University of Lakeside,France,29.5,3.6,13.0,2.5,-,14.3,"35,754",20.3,16%,2025
=179,University of Northfield,Kazakhstan,43.9,49.2,56.9,48.9,48.0,49.8,"32,338",11.9,13%,2025
121,University of Queensbury,Australia,54.9,58.0,63.8,55.8,-,57.6,"31,813",23.9,45%,2025
251-300,University of Stonebrook,Australia,24.7,10.6,18.7,6.8,18.6,16.3,"54,966",8.0,33%,2025
251-300,University of Thornbury,Canada,36.1,26.4,28.1,26.4,30.7,29.9,"48,415",24.6,4%,2025
201-250,University of Upton,Australia,39.6,32.6,48.8,31.4,36.4,39.3,"17,117",20.2,5%,2025
127,University of Valemont,Australia,64.5,49.4,53.5,53.3,48.4,56.3,"23,335",8.7,3%,2025
29,University of Yarrow,United Kingdom,74.2,74.2,75.3,75.7,70.6,74.9,"41,403",7.9,28%,2025
=130,  Upton Institute of Technology ,Kazakhstan,47.1,36.4,64.4,61.4,51.7,55.9,"25,984",24.0,5%,2025
169,West Aldermoor University,United Kingdom,43.2,45.7,59.9,52.0,44.3,51.1,"27,117",13.0,42%,2025
=146,West Bellmont University,Germany,57.2,61.0,43.7,57.9,61.5,53.8,"12,806",27.3,42%,2025
19,West Brightwater University,Kazakhstan,76.8,72.9,74.9,91.0,87.4,80.5,"17,612",24.3,25%,2025
201-250,West Clearwater University,Kazakhstan,47.9,23.1,58.9,37.3,42.7,46.0,"45,547",22.8,29%,2025
140,West Deepwell University,Canada,55.2,38.4,60.6,53.2,43.2,54.6,"52,538",12.7,15%,2025
=67,West Eastvale University,Japan,64.0,75.9,66.5,66.4,64.2,66.4,"47,612",23.0,5%,2025
118,West Elmstead University,Japan,64.4,36.0,59.5,54.9,62.5,57.9,"20,832",28.8,34%,2025
72,West Fairhaven University,Canada,68.3,61.6,62.0,66.4,59.3,65.1,"11,106",8.2,6%,2025
201-250,West Foxhill University,Japan,41.7,40.9,50.7,42.7,55.9,45.0,"12,059",13.8,6%,2025
15,West Glenrock University,Canada,83.5,80.1,76.6,85.0,77.8,81.5,"26,120",11.6,15%,2025
201-250,West Greystone University,Kazakhstan,39.4,34.5,42.1,45.6,53.7,42.1,"32,706",15.4,3%,2025
=170,West Highgate University,Australia,44.9,61.0,64.6,39.0,73.7,50.9,"52,356",23.8,21%,2025
165,West Ironbridge University,United Kingdom,44.1,57.5,48.3,61.7,43.5,51.6,"52,988",17.4,32%,2025
251-300,WEST JUNIPER UNIVERSITY,Germany,25.1,52.7,34.4,10.8,32.9,25.9,"3,100",19.7,36%,2025
251-300,West Kingsport University,Australia,33.5,28.8,52.6,27.4,30.9,37.0,"44,178",13.5,28%,2025
=39,West Lakeside University,Canada,67.6,73.6,62.2,85.5,71.2,71.9,"19,492",9.4,38%,2025
147,WEST MARLOW UNIVERSITY,Kazakhstan,48.9,39.9,58.1,57.2,46.6,53.4,"14,172",12.4,19%,2025
251-300,West Northfield University,Germany,36.0,43.2,21.5,13.8,21.5,25.2,"34,241",26.6,38%,2025
157,West Oakridge University,Kazakhstan,54.6,47.6,58.4,45.3,54.6,52.4,"4,833",20.5,24%,2025
8,West Pinecrest University,United States,80.5,74.3,86.1,94.7,74.3,85.8,"21,764",15.1,12%,2025
251-300,West Queensbury University,Kazakhstan,20.0,18.7,24.3,1.3,22.5,15.7,"34,664",25.0,43%,2025
251-300,West Riverton University,Canada,26.4,11.0,28.1,29.3,20.7,26.5,"18,996",7.5,14%,2025
=181,West Thornbury University,Japan,31.3,52.2,59.9,56.5,38.4,49.2,"36,893",12.1,3%,2025
16,West Upton University,France,75.3,88.6,92.5,73.6,83.9,81.1,"29,747",11.5,12%,2025
201-250,West Valemont University,Canada,42.9,64.6,40.0,51.1,61.5,46.6,"49,477",29.6,18%,2025
83,West Westbury University,Japan,65.8,54.6,75.5,53.8,68.8,64.3,"13,360",22.9,17%,2025
186,West Yarrow University,Japan,42.8,39.1,52.0,53.6,62.7,49.0,"6,192",20.8,25%,2025
201-250,Westbury Institute of Technology,Kazakhstan,42.4,44.1,44.1,39.6,41.1,42.2,"33,303",6.1,40%,2025
89,Yarrow Institute of Technology,Kazakhstan,76.8,50.3,59.6,57.5,70.6,63.7,"17,559",10.4,15%,2025
164,Ashford Institute of Technology,Japan,57.5,46.2,54.6,44.2,38.8,51.3,"8,054",8.2,18%,2022
13,West Pinecrest University,United States,78.6,67.7,75.9,86.4,67.1,79.0,"21,415",15.1,12%,2019
41,Central Lakeside University,Germany,68.3,61.5,77.0,68.5,66.7,70.4,"24,738",26.9,29%,2022
30,University of Brightwater,France,77.3,57.3,79.1,69.1,57.6,73.4,"4,742",25.0,17%,2016
116,North Hollowmere University,Germany,56.0,56.1,63.5,54.0,54.0,57.6,"51,229",11.0,38%,2024
100,State Oakridge University,Kazakhstan,63.0,57.8,62.8,56.7,55.4,60.5,"33,524",9.8,6%,2019
4,State Greystone University,Kazakhstan,86.6,99.6,83.2,91.1,98.3,88.2,"30,823",9.7,44%,2020
201-250,Central Highgate University,Australia,52.3,46.3,46.2,39.1,48.8,46.0,"44,908",26.1,30%,2023
201-250,North Lakeside University,Japan,41.2,43.5,50.4,43.1,48.7,44.9,"35,520",7.5,33%,2017
251-300,South Caldera University,United States,29.6,44.3,30.3,16.0,37.1,27.0,"43,640",6.8,14%,2024
=14,Royal Elmstead University,France,85.1,72.5,71.0,91.9,88.9,82.1,"48,722",20.6,32%,2023
53,East Stonebrook University,Canada,72.5,61.5,59.1,73.5,61.9,67.7,"18,879",7.8,41%,2016
201-250,East Hollowmere University,United Kingdom,52.4,46.3,45.8,30.2,52.8,43.3,"54,008",14.4,36%,2018
=195,University of Northfield,Kazakhstan,43.8,51.2,52.1,46.9,44.6,47.8,"32,517",11.9,13%,2021
109,National Glenrock University,Canada,51.3,56.7,64.5,64.1,55.5,59.6,"35,521",19.4,29%,2025
